Contestant,Date of Birth,Age,Hometown,Season,Finish,Days Lasted,Votes Against,Tribal Wins,Individual Wins,Total Wins,Ethnicity,Gender
Sonja Christopher,"January 28, 1937 (1937-01-28) (age 85)",63,"Walnut Creek, CA",Borneo,16,3,4,0,N/A,0,Caucasian,W
B.B. Andersen,"January 18, 1936 (age 77)",64,"Mission Hills, KS",Borneo,15,6,6,2,N/A,2,Caucasian,W
Stacey Stillman,"August 11, 1972 (1972-08-11) (age 49)",27,"San Francisco, CA",Borneo,14,9,6,2,N/A,2,Caucasian,W
Ramona Gray,"January 20, 1971 (1971-01-20) (age 51)",29,"Edison, NJ",Borneo,13,12,6,3,N/A,3,African- American,W
Dirk Been,"June 15, 1976 (1976-06-15) (age 45)",23,"Spring Green, WI",Borneo,12,15,4,4,N/A,4,Caucasian,M
Joel Klug,"April 13, 1972 (1972-04-13) (age 50)",27,"Sherwood, AR",Borneo,11,18,4,6,N/A,6,Caucasian,M
Gretchen Cordy,"February 7, 1962 (1962-02-07) (age 60)",38,"Clarksville, TN",Borneo,10,21,4,6,0,6,Caucasian,W
Greg Buis,"December 31, 1975 (1975-12-31) (age 46)",24,"Gold Hill, CO",Borneo,9,24,6,6,2,8,Caucasian,M
Jenna Lewis,"July 16, 1977 (1977-07-16) (age 44)",22,"Franklin, NH",Borneo,8,27,11,6,0,6,Caucasian,W
Gervase Peterson,"November 2, 1969 (1969-11-02) (age 52)",30,"Willingboro, NJ",Borneo,7,30,6,6,2,8,African- American,M
Colleen Haskell,"December 6, 1976 (1976-12-06) (age 45)",23,"Miami Beach, FL",Borneo,6,33,7,6,2,8,Caucasian,W
Sean Kenniff,"November 27, 1969 (1969-11-27) (age 52)",30,"Carle Place, NY",Borneo,5,36,9,5,1,6,Caucasian,M
Susan Hawk,"August 17, 1961 (1961-08-17) (age 60)",38,"Palmyra, WI",Borneo,4,37,7,5,0,5,Caucasian,W
Rudy Boesch,"January 20, 1928 (age 91)",72,"Virginia Beach, VA",Borneo,3,38,8,5,1,6,Caucasian,M
Kelly Wiglesworth,"June 24, 1977 (1977-06-24) (age 44)",22,"Kernville, CA",Borneo,2,39,0,5,5,10,Caucasian,W
Richard Hatch,"April 8, 1961 (1961-04-08) (age 61)",38,"Newport, RI",Borneo,1,39,6,5,1,6,Caucasian,M
Debb Eaton,"June 11, 1955 (1955-06-11) (age 66)",45,"Milan, NH",The Australian Outback,16,3,7,0,N/A,0,Caucasian,W
Kel Gleason,"January 5, 1968 (1968-01-05) (age 54)",32,"Ford Hood, TX",The Australian Outback,15,6,7,2,N/A,2,Latin- American,M
Maralyn Hershey,"January 24, 1949 (1949-01-24) (age 73)",51,"Wakefield, VA",The Australian Outback,14,9,5,3,N/A,3,Caucasian,W
Mitchell Olson,"March 17, 1977 (1977-03-17) (age 45)",23,"Union City, NJ",The Australian Outback,13,12,6,3,N/A,3,Caucasian,M
Kimmi Kappenberg,"November 11, 1972 (1972-11-11) (age 49)",27,"Ronkonkoma, NY",The Australian Outback,12,15,6,5,N/A,5,Caucasian,W
Michael Skupin,"January 29, 1962 (1962-01-29) (age 60)",38,"White Lake, MI",The Australian Outback,11,17,0,6,N/A,6,Caucasian,M
Jeff Varner,"April 16, 1966 (1966-04-16) (age 56)",34,"New York City, NY",The Australian Outback,10,21,11,6,0,6,Caucasian,M
Alicia Calaway,"May 1, 1968 (1968-05-01) (age 53)",32,"New York City, NY",The Australian Outback,9,24,5,6,0,6,African- American,W
Jerri Manthey,"September 5, 1970 (1970-09-05) (age 51)",30,"Los Angeles, CA",The Australian Outback,8,27,12,4,2,6,Caucasian,W
Nick Brown,"April 2, 1977 (1977-04-02) (age 45)",23,"Steilacoom, WA",The Australian Outback,7,30,4,6,1,7,African- American,M
Amber Brkich,"August 11, 1978 (1978-08-11) (age 43)",22,"Beaver, PA",The Australian Outback,6,33,6,4,0,4,Caucasian,W
Rodger Bingham,"July 5, 1947 (1947-07-05) (age 74)",53,"Crittenden, KY",The Australian Outback,5,36,5,6,0,6,Caucasian,M
Elisabeth Filarski,"May 28, 1977 (1977-05-28) (age 44)",23,"Newton, MA",The Australian Outback,4,39,5,6,0,6,Caucasian,W
Keith Famie,"February 11, 1960 (1960-02-11) (age 62)",40,"West Bloomfield, MI",The Australian Outback,3,41,10,4,2,6,Caucasian,M
Colby Donaldson,"April 1, 1974 (1974-04-01) (age 48)",26,"Dallas, TX",The Australian Outback,2,42,9,4,8,12,Caucasian,M
Tina Wesson,"December 26, 1960 (1960-12-26) (age 61)",39,"Knoxville, TN",The Australian Outback,1,42,0,4,1,5,Caucasian,W
Diane Ogden,"April 27, 1959 (1959-04-27) (age 63)",42,"Lincoln, NE",Africa,16,3,6,0,N/A,0,Caucasian,W
Jessie Camacho,"September 24, 1974 (1974-09-24) (age 47)",26,"Orlando, FL",Africa,15,6,5,0,N/A,0,Latin- American,W
Carl Bilancione,"June 20, 1955 (1955-06-20) (age 66)",46,"Winter Springs, FL",Africa,14,9,7,3,N/A,3,Caucasian,M
Linda Spencer,"January 1, 1957 (1957-01-01) (age 65)",44,"Boston, MA",Africa,13,12,4,4,N/A,4,Caucasian,W
Silas Gaither,"January 28, 1978 (1978-01-28) (age 44)",23,"Los Angeles, CA",Africa,12,15,8,5,N/A,5,Caucasian,M
Lindsey Richter,"August 31, 1974 (1974-08-31) (age 47)",26,"Portland, OR",Africa,11,18,12,6,N/A,6,Caucasian,W
Clarence Black,"December 21, 1976 (1976-12-21) (age 45)",24,"Detroit, MI",Africa,10,21,12,5,0,5,African- American,M
Kelly Goldsmith,"April 27, 1979 (1979-04-27) (age 43)",22,"San Diego, CA",Africa,9,24,5,5,0,5,Caucasian,W
Brandon Quinton,"January 22, 1976 (1976-01-22) (age 46)",25,"Dallas, TX",Africa,8,27,6,6,1,7,Caucasian,M
Frank Garrison,"July 22, 1958 (1958-07-22) (age 63)",42,"Odessa, NY",Africa,7,30,9,6,1,7,Caucasian,M
Kim Powers,"December 3, 1971 (1971-12-03) (age 50)",29,"Conshohocken, PA",Africa,6,33,4,6,0,6,Caucasian,W
Teresa Cooper,"May 5, 1959 (1959-05-05) (age 62)",42,"Jackson, GA",Africa,5,36,4,6,1,7,Caucasian,W
Tom Buchanan,"October 30, 1955 (1955-10-30) (age 66)",45,"Rich Valley, VA",Africa,4,37,9,5,1,6,Caucasian,M
Lex van den Berghe,"June 18, 1963 (1963-06-18) (age 58)",38,"Santa Cruz, CA",Africa,3,38,10,5,5,10,Caucasian,M
Kim Johnson,"September 18, 1944 (1944-09-18) (age 77)",56,"Oyster Bay, NY",Africa,2,39,1,5,2,7,Caucasian,W
Ethan Zohn,"November 12, 1973 (1973-11-12) (age 48)",27,"New York City, NY",Africa,1,39,0,5,2,7,Caucasian,M
Peter Harkey,"January 17, 1956 (1956-01-17) (age 66)",45,"Millis, MA",Marquesas,16,3,5,0,N/A,0,Caucasian,M
Patricia Jackson,"April 8, 1952 (1952-04-08) (age 70)",49,"Lugoff, SC",Marquesas,15,6,5,0,N/A,0,Caucasian,W
Hunter Ellis,"July 5, 1968 (1968-07-05) (age 53)",33,"La Jolla, CA",Marquesas,14,9,4,0,N/A,0,Caucasian,M
Sarah Jones,"August 11, 1977 (1977-08-11) (age 44)",24,"Newport Beach, CA",Marquesas,13,12,11,0,N/A,0,Caucasian,W
Gabriel Cade,"July 1, 1978 (1978-07-01) (age 43)",23,"Los Angeles, CA",Marquesas,12,15,7,6,N/A,6,Caucasian,M
Gina Crews,"February 7, 1973 (1973-02-07) (age 49)",28,"Gainesville, FL",Marquesas,11,18,3,3,N/A,3,Caucasian,W
Rob Mariano,"December 25, 1975 (1975-12-25) (age 46)",25,"Canton, MA",Marquesas,10,21,8,2,0,2,Caucasian,M
John Carroll,"June 14, 1965 (1965-06-14) (age 56)",36,"Omaha, NE",Marquesas,9,24,8,7,0,7,Caucasian,M
Zoe Zanidakis,"March 17, 1966 (1966-03-17) (age 56)",35,"Monhegan Island, ME",Marquesas,8,27,8,7,0,7,Caucasian,W
Tammy Leitner,"July 3, 1972 (1972-07-03) (age 49)",29,"Mesa, AZ",Marquesas,7,30,5,7,2,9,Caucasian,W
Robert DeCanio,"June 19, 1963 (1963-06-19) (age 58)",38,"College Point, NY",Marquesas,6,33,6,7,1,8,Caucasian,M
Sean Rector,"August 20, 1971 (1971-08-20) (age 50)",30,"Los Angeles, CA",Marquesas,5,36,7,2,2,4,African- American,M
Paschal English,"March 5, 1945 (1945-03-05) (age 77)",56,"Thomaston, GA",Marquesas,4,37,0,8,2,10,Caucasian,M
Kathy Vavrick-O'Brien,"January 6, 1955 (1955-01-06) (age 67)",46,"Burlington, VT",Marquesas,3,38,5,8,4,12,Caucasian,W
Neleh Dennis,"February 19, 1980 (1980-02-19) (age 42)",21,"Layton, UT",Marquesas,2,39,4,8,1,9,Caucasian,W
Vecepia Towery,"December 9, 1965 (1965-12-09) (age 56)",35,"Hayward, CA",Marquesas,1,39,2,2,2,4,African- American,W
John Raymond,"February 21, 1962 (1962-02-21) (age 60)",40,"Slidell, LA",Thailand,16,3,6,0,N/A,0,Caucasian,M
Tanya Vance,"November 29, 1974 (1974-11-29) (age 47)",27,"Gray, TN",Thailand,15,6,5,0,N/A,0,Caucasian,W
Jed Hildebrand,"December 5, 1976 (1976-12-05) (age 45)",25,"Dallas, TX",Thailand,14,9,5,3,N/A,3,Caucasian,M
Ghandia Johnson,"January 3, 1969 (1969-01-03) (age 53)",33,"Denver, CO",Thailand,13,12,5,2,N/A,2,African- American,W
Stephanie Dill,"November 15, 1972 (1972-11-15) (age 49)",29,"Fayetteville, AR",Thailand,12,15,5,5,N/A,5,Caucasian,W
Robb Zbacnik,"September 12, 1978 (1978-09-12) (age 43)",23,"Scottsdale, AZ",Thailand,11,18,5,6,N/A,6,Caucasian,M
Shii Ann Huang,"January 24, 1974 (1974-01-24) (age 48)",28,"New York City, NY",Thailand,10,21,10,6,N/A,6,Asian- American,W
Erin Collins,"January 7, 1976 (1976-01-07) (age 46)",26,"Austin, TX",Thailand,9,24,3,6,N/A,6,Caucasian,W
Ken Stafford,"June 20, 1972 (1972-06-20) (age 49)",29,"Brooklyn, NY",Thailand,8,27,6,6,0,6,Caucasian,M
Penny Ramsey,"April 24, 1975 (1975-04-24) (age 47)",27,"Plano, TX",Thailand,7,30,5,6,0,6,Caucasian,W
Jake Billingsley,"August 21, 1941 (1941-08-21) (age 80)",60,"McKinney, TX",Thailand,6,33,7,6,0,6,Caucasian,M
"Ted Rogers, Jr.","December 28, 1964 (1964-12-28) (age 57)",37,"Durham, NC",Thailand,5,36,7,6,2,8,African- American,M
Helen Glover,"April 28, 1955 (1955-04-28) (age 67)",47,"Middletown, RI",Thailand,4,37,5,6,2,8,Caucasian,W
Jan Gentry,"October 31, 1948 (1948-10-31) (age 73)",53,"Tampa, FL",Thailand,3,38,5,6,0,6,Caucasian,W
Clay Jordan,"December 30, 1955 (1955-12-30) (age 66)",46,"Monroe, LA",Thailand,2,39,3,6,1,7,Caucasian,M
Brian Heidik,"March 9, 1968 (1968-03-09) (age 54)",34,"Quartz Hill, CA",Thailand,1,39,0,6,5,11,Caucasian,M
Ryan Aiken,"February 13, 1979 (1979-02-13) (age 43)",23,"Ellicott City, MD",The Amazon,16,3,4,0,N/A,0,Caucasian,M
Janet Koth,"November 18, 1955 (1955-11-18) (age 66)",46,"Manchester, MO",The Amazon,15,6,5,2,N/A,2,Caucasian,W
Daniel Lue,"November 29, 1975 (1975-11-29) (age 46)",26,"Houston, TX",The Amazon,14,9,7,1,N/A,1,Asian- American,M
JoAnna Ward,"April 29, 1971 (1971-04-29) (age 50)",31,"Orangeburg, SC",The Amazon,13,12,4,4,N/A,4,African- American,W
Jeanne Hebert,"January 6, 1962 (1962-01-06) (age 60)",40,"North Attleboro, MA",The Amazon,12,15,5,4,N/A,4,Caucasian,W
Shawna Mitchell,"July 28, 1979 (1979-07-28) (age 42)",23,"Los Angeles, CA",The Amazon,11,18,6,5,N/A,5,Caucasian,W
Roger Sexton,"September 26, 1946 (1946-09-26) (age 75)",56,"Valencia, CA",The Amazon,10,21,11,5,0,5,Caucasian,M
Dave Johnson,"January 16, 1979 (1979-01-16) (age 43)",23,"Pasadena, CA",The Amazon,9,24,8,5,1,6,Caucasian,M
Deena Bennett,"February 12, 1967 (1967-02-12) (age 55)",35,"Riverside, CA",The Amazon,8,27,6,5,1,6,Latin- American,W
Alex Bell,"May 16, 1970 (1970-05-16) (age 51)",32,"Los Angeles, CA",The Amazon,7,30,6,4,1,5,Caucasian,M
Christy Smith,"September 13, 1978 (1978-09-13) (age 43)",24,"Basalt, CO",The Amazon,6,33,9,6,0,6,Caucasian,W
Heidi Strobel,"October 29, 1978 (1978-10-29) (age 43)",24,"Jefferson City, MO",The Amazon,5,36,3,6,0,6,Caucasian,W
Butch Lockley,"August 28, 1952 (1952-08-28) (age 69)",50,"Olney, IL",The Amazon,4,37,5,5,0,5,Caucasian,M
Rob Cesternino,"October 20, 1978 (1978-10-20) (age 43)",24,"Wantagh, NY",The Amazon,3,38,4,4,1,5,Caucasian,M
Matthew von Ertfelda,"July 24, 1969 (1969-07-24) (age 52)",33,"Washington, DC",The Amazon,2,39,6,4,4,8,Caucasian,M
Jenna Morasca,"February 15, 1981 (1981-02-15) (age 41)",21,"Bridgeville, PA",The Amazon,1,39,3,5,4,9,Caucasian,W
Nicole Delma,"September 19, 1978 (1978-09-19) (age 43)",24,"Hermosa Beach, CA",Pearl Islands,16,4,7,1,N/A,1,Caucasian,W
Ryan Shoulders,"March 28, 1980 (1980-03-28) (age 42)",23,"Clarksville, TN",Pearl Islands,15,7,6,1,N/A,1,Caucasian,M
Michelle Tesauro,"January 16, 1981 (1981-01-16) (age 41)",22,"Washington, DC",Pearl Islands,14,16,6,7,N/A,7,Caucasian,W
Trish Dunn,"October 29, 1960 (1960-10-29) (age 61)",42,"Annapolis, MD",Pearl Islands,13,19,4,8,N/A,8,Caucasian,W
Shawn Cohen,"September 20, 1974 (1974-09-20) (age 47)",28,"Los Angeles, CA",Pearl Islands,12,19,5,7,N/A,7,Caucasian,M
Osten Taylor,"December 10, 1975 (1975-12-10) (age 46)",27,"Boston, MA",Pearl Islands,11,19,2,4,N/A,4,African- American,M
Andrew Savage,"July 29, 1963 (1963-07-29) (age 58)",39,"Chicago, IL",Pearl Islands,10,21,6,4,0,4,Caucasian,M
Ryan Opray,"August 6, 1972 (1972-08-06) (age 49)",30,"Los Gatos, CA",Pearl Islands,9,24,8,4,1,5,Caucasian,M
Rupert Boneham,"January 27, 1964 (1964-01-27) (age 58)",39,"Indianapolis, IN",Pearl Islands,8,27,7,7,3,10,Caucasian,M
Tijuana Bradley,"July 23, 1976 (1976-07-23) (age 45)",26,"St. Louis, MO",Pearl Islands,7,30,5,4,1,5,African- American,W
Christa Hastie,"November 6, 1978 (1978-11-06) (age 43)",24,"Los Angeles, CA",Pearl Islands,6,33,7,7,1,8,Caucasian,W
Burton Roberts,"April 10, 1972 (1972-04-10) (age 50)",31,"San Francisco, CA",Pearl Islands,5,30,10,7,5,12,Caucasian,M
Darrah Johnson,"May 19, 1981 (1981-05-19) (age 40)",22,"Liberty, MS",Pearl Islands,4,37,6,4,4,8,Caucasian,W
Jon Dalton,"March 11, 1974 (1974-03-11) (age 48)",29,"Los Angeles, CA",Pearl Islands,3,38,7,7,2,9,Caucasian,M
Lillian Morris,"April 3, 1952 (1952-04-03) (age 70)",51,"Loveland, OH",Pearl Islands,2,30,10,1,3,4,Caucasian,W
Sandra Diaz-Twine,"July 30, 1974 (1974-07-30) (age 47)",28,"Fort Lewis, WA",Pearl Islands,1,39,0,7,0,7,Latin- American,W
Tina Wesson,"December 26, 1960 (1960-12-26) (age 61)",42,"Knoxville, TN",All-Stars,18,3,4,0,N/A,0,Caucasian,W
Rudy Boesch,"January 20, 1928 (age 91)",75,"Virginia Beach, VA",All-Stars,17,6,3,1,N/A,1,Caucasian,M
Jenna Morasca,"February 15, 1981 (1981-02-15) (age 41)",22,"Bridgeville, PA",All-Stars,16,9,N/A,3,N/A,3,Caucasian,W
Rob Cesternino,"October 20, 1978 (1978-10-20) (age 43)",25,"Plainview, NY",All-Stars,15,12,5,4,N/A,4,Caucasian,M
Richard Hatch,"April 8, 1961 (1961-04-08) (age 61)",42,"Middletown, RI",All-Stars,14,15,6,5,N/A,5,Caucasian,M
Susan Hawk,"August 17, 1961 (1961-08-17) (age 60)",42,"Las Vegas, NV",All-Stars,13,17,0,6,N/A,6,Caucasian,W
Colby Donaldson,"April 1, 1974 (1974-04-01) (age 48)",29,"Dallas, TX",All-Stars,12,19,4,6,N/A,6,Caucasian,M
Ethan Zohn,"November 12, 1973 (1973-11-12) (age 48)",29,"New York City, NY",All-Stars,11,21,6,4,N/A,4,Caucasian,M
Jerri Manthey,"September 5, 1970 (1970-09-05) (age 51)",33,"Los Angeles, CA",All-Stars,10,24,7,4,N/A,4,Caucasian,W
Lex van den Berghe,"June 18, 1963 (1963-06-18) (age 58)",40,"Santa Cruz, CA",All-Stars,9,27,7,6,0,6,Caucasian,M
Kathy Vavrick-O'Brien,"January 6, 1955 (1955-01-06) (age 67)",48,"Burlington, VT",All-Stars,8,28,6,6,1,7,Caucasian,W
Alicia Calaway,"May 1, 1968 (1968-05-01) (age 53)",35,"New York City, NY",All-Stars,7,30,7,10,1,11,African- American,W
Shii Ann Huang,"January 24, 1974 (1974-01-24) (age 48)",29,"New York City, NY",All-Stars,6,33,5,6,2,8,Asian- American,W
Tom Buchanan,"October 30, 1955 (1955-10-30) (age 66)",48,"Rich Valley, VA",All-Stars,5,36,4,10,2,12,Caucasian,M
Rupert Boneham,"January 27, 1964 (1964-01-27) (age 58)",39,"Indianapolis, IN",All-Stars,4,37,4,8,2,10,Caucasian,M
Jenna Lewis,"July 16, 1977 (1977-07-16) (age 44)",26,"Burbank, CA",All-Stars,3,38,4,8,0,8,Caucasian,W
Rob Mariano,"December 25, 1975 (1975-12-25) (age 46)",27,"Canton, MA",All-Stars,2,39,1,10,5,15,Caucasian,M
Amber Brkich,"August 11, 1978 (1978-08-11) (age 43)",25,"Beaver, PA",All-Stars,1,39,6,10,2,12,Caucasian,W
Brook Geraghty,"November 20, 1976 (1976-11-20) (age 45)",27,"Winthrop, MA",Vanuatu,18,3,5,0,N/A,0,Caucasian,M
Dolly Neely,"November 18, 1978 (1978-11-18) (age 43)",25,"Mercer, PA",Vanuatu,17,6,5,2,N/A,2,Caucasian,W
John Palyok,"May 13, 1973 (1973-05-13) (age 48)",31,"Los Angeles, CA",Vanuatu,16,7,5,2,0,2,Caucasian,M
Mia Galeotalanza,"August 17, 1974 (1974-08-17) (age 47)",29,"Boston, MA",Vanuatu,15,7,5,2,N/A,2,Caucasian,W
Brady Finta,"December 17, 1970 (1970-12-17) (age 51)",33,"Huntington Beach, CA",Vanuatu,14,10,6,2,0,2,Caucasian,M
Travis Sampson,"February 19, 1971 (1971-02-19) (age 51)",33,"Johnson City, TN",Vanuatu,13,12,6,2,0,2,Caucasian,M
Lisa Keiffer,"May 3, 1960 (1960-05-03) (age 61)",44,"Mandeville, LA",Vanuatu,12,15,4,4,N/A,4,Caucasian,W
John Kenney,"September 26, 1981 (1981-09-26) (age 40)",22,"Los Angeles, CA",Vanuatu,11,18,5,6,1,7,Caucasian,M
Rory Freeman,"October 30, 1968 (1968-10-30) (age 53)",35,"Des Moines, IA",Vanuatu,10,21,14,4,0,4,African- American,M
Lea Masters,"March 28, 1964 (1964-03-28) (age 58)",40,"Columbia, SC",Vanuatu,9,24,7,7,1,8,Caucasian,M
Chad Crittenden,"August 8, 1969 (1969-08-08) (age 52)",34,"Oakland, CA",Vanuatu,8,27,7,7,1,8,Caucasian,M
Leann Slaby,"July 8, 1969 (1969-07-08) (age 52)",34,"Kansasville, WI",Vanuatu,7,30,8,6,1,7,Caucasian,W
Ami Cusack,"January 25, 1973 (1973-01-25) (age 49)",31,"Lakewood, CO",Vanuatu,6,33,8,6,4,10,Caucasian,W
Julie Berry,"December 15, 1980 (1980-12-15) (age 41)",23,"Gorham, ME",Vanuatu,5,36,4,9,1,10,Caucasian,W
Eliza Orlins,"December 25, 1982 (1982-12-25) (age 39)",21,"Syracuse, NY",Vanuatu,4,37,9,6,4,10,Caucasian,W
Scout Cloud Lee,"November 8, 1944 (1944-11-08) (age 77)",59,"Stillwater, OK",Vanuatu,3,38,3,6,0,6,Caucasian,W
Twila Tanner,"October 12, 1962 (1962-10-12) (age 59)",41,"Marshall, MO",Vanuatu,2,39,6,9,1,10,Caucasian,W
Chris Daugherty,"August 29, 1970 (1970-08-29) (age 51)",33,"South Vienna, OH",Vanuatu,1,39,3,7,5,12,Caucasian,M
Jonathan Libby,"September 5, 1981 (1981-09-05) (age 40)",23,"Dallas, TX",Palau,20,2,N/A,N/A,0,0,Caucasian,M
Wanda Shirk,"August 24, 1949 (1949-08-24) (age 72)",55,"Ulysses, PA",Palau,19,2,N/A,N/A,0,0,Caucasian,W
Jolanda Jones,"November 6, 1965 (1965-11-06) (age 56)",38,"Houston, TX",Palau,18,3,6,0,1,1,African- American,W
Ashlee Ashby,"May 2, 1982 (1982-05-02) (age 39)",22,"Easley, SC",Palau,17,6,6,1,0,1,Caucasian,W
Jeff Wilson,"February 9, 1983 (1983-02-09) (age 39)",21,"Ventura, CA",Palau,16,8,5,2,0,2,Caucasian,M
Kim Mullen,"March 13, 1979 (1979-03-13) (age 43)",25,"Huber Heights, OH",Palau,15,11,8,2,0,2,Caucasian,W
Willard Smith,"November 30, 1947 (1947-11-30) (age 74)",56,"Bellevue, WA",Palau,14,12,8,6,0,6,Caucasian,M
Angie Jakusz,"March 27, 1980 (age 40)",24,"New Orleans, LA",Palau,13,12,8,2,0,2,Caucasian,W
James Miller,"July 8, 1971 (1971-07-08) (age 50)",33,"Mobile, AL",Palau,12,15,7,3,0,3,Caucasian,M
Ibrehem Rahman,"March 4, 1977 (1977-03-04) (age 45)",27,"Birmingham, AL",Palau,11,18,4,3,0,3,African- American,M
Bobby Jon Drinkard,"May 10, 1977 (1977-05-10) (age 44)",27,"Los Angeles, CA",Palau,10,21,2,3,0,3,Caucasian,M
Coby Archa,"September 8, 1972 (1972-09-08) (age 49)",32,"Athens, TX",Palau,9,24,7,11,0,11,Caucasian,M
Janu Tornell,"May 9, 1965 (1965-05-09) (age 56)",39,"Las Vegas, NV",Palau,8,27,1,11,1,12,Latin- American,W
Stephenie LaGrossa,"December 6, 1979 (1979-12-06) (age 42)",24,"Tom's River, NJ",Palau,7,30,8,3,0,3,Caucasian,W
Gregg Carey,"January 9, 1977 (1977-01-09) (age 45)",27,"Chicago, IL",Palau,6,33,4,11,2,13,Caucasian,M
Caryn Groedel,"August 13, 1958 (1958-08-13) (age 63)",46,"Solon, OH",Palau,5,36,7,11,1,12,Caucasian,W
Jenn Lyon,"February 27, 1972 (age 37)",32,"Encino, CA",Palau,4,37,3,11,0,11,Caucasian,W
Ian Rosenberger,"August 24, 1981 (1981-08-24) (age 40)",23,"Ambridge, PA",Palau,3,38,5,11,4,15,Caucasian,M
Katie Gallagher,"May 28, 1975 (1975-05-28) (age 46)",29,"Merced, CA",Palau,2,39,1,11,0,11,Caucasian,W
Tom Westman,"January 4, 1964 (1964-01-04) (age 58)",40,"Sayville, NY",Palau,1,39,0,11,6,17,Caucasian,M
Jim Lynch,"January 7, 1942 (1942-01-07) (age 80)",63,"Northglenn, CO",Guatemala,18,3,8,1,N/A,1,Caucasian,M
Morgan McDevitt,"November 24, 1983 (1983-11-24) (age 38)",21,"Decatur, IL",Guatemala,17,6,8,1,N/A,1,Caucasian,W
Brianna Varela,"October 29, 1983 (1983-10-29) (age 38)",21,"Edmonds, WA",Guatemala,16,8,7,1,N/A,1,Latin- American,W
Brooke Struck,"July 30, 1979 (1979-07-30) (age 42)",25,"Hood River, OR",Guatemala,15,11,5,5,N/A,5,Caucasian,W
Blake Towsley,"May 5, 1981 (1981-05-05) (age 40)",24,"Dallas, TX",Guatemala,14,14,5,7,N/A,7,Caucasian,M
Margaret Bobonich,"June 5, 1962 (1962-06-05) (age 59)",43,"Chardon, OH",Guatemala,13,15,7,7,0,7,Caucasian,W
Brian Corridan,"February 10, 1983 (1983-02-10) (age 39)",22,"New York City, NY",Guatemala,12,15,7,3,N/A,3,Caucasian,M
Amy O'Hara,"November 2, 1965 (1965-11-02) (age 56)",39,"Revere, MA",Guatemala,11,18,4,4,N/A,4,Caucasian,W
Brandon Bellinger,"January 22, 1983 (1983-01-22) (age 39)",22,"Manhattan, KS",Guatemala,10,21,6,8,0,8,Caucasian,M
Bobby Jon Drinkard,"May 10, 1977 (1977-05-10) (age 44)",28,"Los Angeles, CA",Guatemala,9,24,8,8,0,8,Caucasian,M
Jamie Newton,"January 26, 1981 (1981-01-26) (age 41)",24,"North Hollywood, CA",Guatemala,8,27,10,4,1,5,Caucasian,M
Gary Hogeboom,"August 21, 1958 (1958-08-21) (age 63)",46,"Grand Haven, MI",Guatemala,7,30,8,4,2,6,Caucasian,M
Judd Sergeant,"September 13, 1970 (1970-09-13) (age 51)",34,"Ridgefield, NJ",Guatemala,6,33,5,8,2,10,Caucasian,M
Cindy Hall,"June 28, 1974 (1974-06-28) (age 47)",30,"Naples, FL",Guatemala,5,36,6,8,2,10,Caucasian,W
Lydia Morales,"January 19, 1963 (1963-01-19) (age 59)",42,"Lakewood, WA",Guatemala,4,37,10,4,0,4,Latin- American,W
Rafe Judkins,"January 8, 1983 (1983-01-08) (age 39)",22,"Providence, RI",Guatemala,3,38,2,4,4,8,Caucasian,M
Stephenie LaGrossa,"December 6, 1979 (1979-12-06) (age 42)",25,"Tom's River, NJ",Guatemala,2,39,2,4,2,6,Caucasian,W
Danni Boatwright,"July 13, 1975 (1975-07-13) (age 46)",29,"Tonganozie, KS",Guatemala,1,39,1,8,3,11,Caucasian,W
Tina Scheer,"November 17, 1960 (1960-11-17) (age 61)",44,"Hayward, WI",Panama,16,3,3,1,N/A,1,Caucasian,W
Melinda Hyder,"May 23, 1973 (1973-05-23) (age 48)",32,"Sevierville, TN",Panama,15,6,5,1,N/A,1,Caucasian,W
Misty Giles,"February 25, 1981 (1981-02-25) (age 41)",24,"Dallas, TX",Panama,14,8,5,4,N/A,4,Caucasian,W
Ruth Marie Milliman,"April 11, 1957 (1957-04-11) (age 65)",48,"Greenville, SC",Panama,13,11,6,4,N/A,4,Caucasian,W
Bobby Mason,"August 20, 1973 (1973-08-20) (age 48)",32,"Los Angeles, CA",Panama,12,14,3,6,N/A,6,African- American,M
Dan Barry,"December 30, 1953 (1953-12-30) (age 68)",51,"South Hadley, MA",Panama,11,15,3,6,N/A,6,Caucasian,M
Nick Stanbury,"July 21, 1980 (1980-07-21) (age 41)",25,"Tempe, AZ",Panama,10,18,6,6,0,6,Caucasian,M
Austin Carty,"April 29, 1981 (1981-04-29) (age 40)",24,"High Point, NC",Panama,9,21,7,6,0,6,Caucasian,M
Sally Schumann,"December 10, 1978 (1978-12-10) (age 43)",26,"Chicago, IL",Panama,8,24,8,5,2,7,Caucasian,W
Bruce Kanegai,"December 17, 1947 (1947-12-17) (age 74)",57,"Simi Valley, CA",Panama,7,25,2,7,2,9,Asian- American,M
Courtney Marit,"May 24, 1974 (1974-05-24) (age 47)",31,"Los Angeles, CA",Panama,6,30,4,6,2,8,Caucasian,W
Shane Powers,"November 28, 1970 (1970-11-28) (age 51)",34,"Los Angeles, CA",Panama,5,33,9,7,0,7,Caucasian,M
Cirie Fields,"July 18, 1970 (1970-07-18) (age 51)",35,"Walterboro, SC",Panama,4,36,3,6,1,7,African- American,W
Terry Deitz,"October 10, 1959 (1959-10-10) (age 62)",46,"Simsbury, CT",Panama,3,38,1,6,9,15,Caucasian,M
Danielle DiLorenzo,"June 3, 1981 (1981-06-03) (age 40)",24,"Pompano Beach, FL",Panama,2,39,4,6,2,8,Caucasian,W
Aras Baskauskas,"September 26, 1981 (1981-09-26) (age 40)",24,"Santa Monica, CA",Panama,1,39,9,7,3,10,Caucasian,M
Sekou Bunch,"September 9, 1960 (1960-09-09) (age 61)",45,"Los Angeles, CA",Cook Islands,20,3,3,0,N/A,0,African- American,M
Billy Garcia,"April 22, 1970 (1970-04-22) (age 52)",36,"New York City, NY",Cook Islands,19,6,4,1,N/A,1,Latin- American,M
Cecilia Mansilla,"January 13, 1977 (1977-01-13) (age 45)",29,"Oakland, CA",Cook Islands,18,8,5,1,N/A,1,Latin- American,W
J.P. Calderon,"September 5, 1975 (1975-09-05) (age 46)",30,"Long Beach, CA",Cook Islands,17,11,7,2,N/A,2,Latin- American,M
Stephannie Favor,"July 12, 1970 (1970-07-12) (age 51)",35,"Columbia, SC",Cook Islands,16,14,9,3,N/A,3,African- American,W
Cao Boi Bui,"April 10, 1964 (1964-04-10) (age 58)",42,"Christiansburg, VA",Cook Islands,15,15,6,6,N/A,6,Asian- American,M
Cristina Coria,"April 18, 1971 (1971-04-18) (age 51)",35,"Los Angeles, CA",Cook Islands,14,15,5,3,N/A,3,Latin- American,W
Jessica Smith,"January 22, 1979 (1979-01-22) (age 43)",27,"Chico, CA",Cook Islands,13,18,6,7,N/A,7,Caucasian,W
Brad Virata,"November 23, 1976 (1976-11-23) (age 45)",29,"Santa Monica, CA",Cook Islands,12,21,7,5,N/A,5,Asian- American,M
Rebecca Borman,"August 31, 1971 (1971-08-31) (age 50)",34,"Laurelton, NY",Cook Islands,11,24,6,4,N/A,4,African- American,W
Jenny Guzon-Bae,"May 8, 1970 (1970-05-08) (age 51)",36,"Lake Forest, IL",Cook Islands,10,24,6,5,N/A,5,Asian- American,W
Nate Gonzalez,"July 26, 1980 (1980-07-26) (age 41)",25,"Play del Rey, CA",Cook Islands,9,27,5,4,0,4,African-Latin- American,M
Candice Woodcock,"November 12, 1982 (1982-11-12) (age 39)",23,"Washington, DC",Cook Islands,8,30,6,7,0,7,Caucasian,W
Jonathan Penner,"March 5, 1962 (1962-03-05) (age 60)",44,"Los Angeles, CA",Cook Islands,7,33,15,7,0,7,Caucasian,M
Parvati Shallow,"September 21, 1982 (1982-09-21) (age 39)",23,"West Hollywood, CA",Cook Islands,6,36,4,5,2,7,Caucasian,W
Adam Gentry,"August 21, 1978 (1978-08-21) (age 43)",27,"San Diego, CA",Cook Islands,5,37,5,5,1,6,Caucasian,M
Sundra Oakley,"January 2, 1975 (1975-01-02) (age 47)",31,"Los Angeles, CA",Cook Islands,4,38,6,10,0,10,African- American,W
Becky Lee,"September 11, 1977 (1977-09-11) (age 44)",28,"Washington, DC",Cook Islands,2,39,5,11,0,11,Asian- American,W
Ozzy Lusth,"August 23, 1981 (1981-08-23) (age 40)",24,"Venice, CA",Cook Islands,2,39,1,10,6,16,Latin- American,M
Yul Kwon,"February 14, 1975 (1975-02-14) (age 47)",31,"San Mateo, CA",Cook Islands,1,39,5,11,1,12,Asian- American,W
Jessica deBen,"April 25, 1979 (1979-04-25) (age 43)",27,"Los Angeles, CA",Fiji,19,3,6,0,N/A,0,Caucasian,W
Erica Durousseau,"December 11, 1979 (1979-12-11) (age 42)",26,"Baton Rouge, LA",Fiji,18,6,6,0,N/A,0,African- American,W
Sylvia Kwan,"August 18, 1954 (1954-08-18) (age 67)",52,"Ross, CA",Fiji,17,8,6,0,N/A,0,Asian- American,W
Gary Stritesky,"September 16, 1951 (1951-09-16) (age 70)",55,"Ramsey, MN",Fiji,16,10,N/A,5,N/A,5,Caucasian,M
Liliana Gomez,"April 5, 1981 (1981-04-05) (age 41)",25,"Los Angeles, CA",Fiji,15,11,6,6,N/A,6,Latin- American,W
Rita Verreos,"July 19, 1968 (1968-07-19) (age 53)",38,"San Antonio, TX",Fiji,14,14,6,0,N/A,0,Latin- American,W
Anthony Robinson,"June 25, 1974 (1974-06-25) (age 47)",32,"Compton, CA",Fiji,13,16,10,0,N/A,0,African- American,M
Rocky Reid,"September 11, 1978 (1978-09-11) (age 43)",28,"Los Angeles, CA",Fiji,12,19,5,1,N/A,1,Caucasian,M
Lisi Linares,"June 9, 1970 (1970-06-09) (age 51)",36,"Los Angeles, CA",Fiji,11,21,7,9,N/A,9,Latin- American,W
Michelle Yi,"December 2, 1983 (1983-12-02) (age 38)",22,"Cincinnati, OH",Fiji,10,24,3,4,0,4,Asian- American,W
Edgardo Rivera,"October 5, 1978 (1978-10-05) (age 43)",28,"Miami Beach, FL",Fiji,9,27,5,9,1,10,Latin- American,M
Mookie Lee,"November 10, 1981 (1981-11-10) (age 40)",24,"Chicago, IL",Fiji,8,30,6,1,0,1,Asian- American,M
Alex Angarita,"April 20, 1978 (1978-04-20) (age 44)",28,"Los Angeles, CA",Fiji,7,33,9,9,1,10,Latin- American,M
Stacy Kimball,"October 1, 1979 (1979-10-01) (age 42)",27,"Boulder, CO",Fiji,6,36,4,12,3,15,Asian- American,W
Boo Bernis,"June 21, 1972 (1972-06-21) (age 49)",34,"Lafayette, LA",Fiji,5,37,5,12,5,17,Caucasian,M
Yau-Man Chan,"August 26, 1952 (1952-08-26) (age 69)",54,"Martinez, CA",Fiji,4,38,9,4,5,9,Asian- American,M
Cassandra Franklin,"April 19, 1964 (1964-04-19) (age 58)",42,"Los Angeles, CA",Fiji,2,39,5,12,2,14,African- American,W
Dreamz Herd,"December 15, 1981 (1981-12-15) (age 40)",24,"Wilmington, NC",Fiji,2,39,2,9,3,12,African- American,M
Earl Cole,"April 9, 1971 (1971-04-09) (age 51)",35,"Santa Monica, CA",Fiji,1,39,1,4,2,6,African- American,M
Chicken Morris,"September 2, 1959 (1959-09-02) (age 62)",47,"Marion, VA",China,16,3,5,0,N/A,0,Caucasian,M
Ashley Massaro,"May 26, 1979 (age 39)",28,"East Northport, NY",China,15,6,8,0,N/A,0,Caucasian,W
Leslie Nease,"March 25, 1969 (1969-03-25) (age 53)",38,"Tega Cay, SC",China,14,9,6,3,N/A,3,Caucasian,W
Dave Cruser,"October 26, 1969 (1969-10-26) (age 52)",37,"Simi Valley, CA",China,13,12,6,2,N/A,2,Caucasian,M
Aaron Reisberger,"April 25, 1975 (1975-04-25) (age 47)",32,"Venice, CA",China,12,15,3,5,N/A,5,Caucasian,M
Sherea Lloyd,"July 31, 1981 (1981-07-31) (age 40)",25,"Atlanta, GA",China,11,18,6,4,N/A,4,African- American,W
Jaime Dugan,"June 30, 1985 (1985-06-30) (age 36)",21,"Columbia, SC",China,10,21,7,3,0,3,Caucasian,W
Jean-Robert Bellande,"September 17, 1970 (1970-09-17) (age 51)",36,"Las Vegas, NV",China,9,24,12,7,1,8,Caucasian,M
Frosti Zernow,"February 15, 1987 (1987-02-15) (age 35)",20,"Chicago, IL",China,8,27,7,4,2,6,Asian- American,M
James Clement,"March 9, 1977 (1977-03-09) (age 45)",30,"Lafayette, LA",China,7,30,9,6,1,7,African- American,M
Erik Huffman,"January 31, 1981 (1981-01-31) (age 41)",26,"Nashville, TN",China,6,33,5,3,2,5,Caucasian,M
Peih-Gee Law,"April 7, 1978 (1978-04-07) (age 44)",29,"Marina del Rey, CA",China,5,36,8,3,3,6,Asian- American,W
Denise Martin,"May 5, 1967 (1967-05-05) (age 54)",40,"Douglas, MA",China,4,38,3,7,2,9,Caucasian,W
Amanda Kimmel,"August 3, 1984 (1984-08-03) (age 37)",22,"Los Angeles, CA",China,2,39,0,7,5,12,Caucasian,W
Courtney Yates,"March 26, 1981 (1981-03-26) (age 41)",26,"New York City, NY",China,2,39,0,7,2,9,Caucasian,W
Todd Herzog,"January 29, 1985 (1985-01-29) (age 37)",22,"Pleasant Grove, UT",China,1,39,5,7,1,8,Caucasian,M
Jon Dalton,"March 11, 1974 (1974-03-11) (age 48)",33,"Los Angeles, CA",Micronesia,20,3,9,0,0,0,Caucasian,M
Mary Sartain,"November 11, 1978 (1978-11-11) (age 43)",28,"Emeryville, CA",Micronesia,19,6,6,1,0,1,Caucasian,W
Yau-Man Chan,"August 26, 1952 (1952-08-26) (age 69)",55,"Martinez, CA",Micronesia,18,8,6,2,1,3,Asian- American,M
Mikey Bortone,"December 29, 1973 (1973-12-29) (age 48)",33,"Los Angeles, CA",Micronesia,17,11,6,2,0,2,Caucasian,M
Joel Anderson,"June 1, 1975 (1975-06-01) (age 46)",32,"Avondale, AZ",Micronesia,16,14,6,2,0,2,Caucasian,M
Jonathan Penner,"March 5, 1962 (1962-03-05) (age 60)",45,"Los Angeles, CA",Micronesia,15,15,0,7,0,7,Caucasian,M
Chet Welch,"October 22, 1959 (1959-10-22) (age 62)",48,"Ford City, PA",Micronesia,14,17,12,2,0,2,Caucasian,M
Kathy Sleckman,"August 14, 1962 (1962-08-14) (age 59)",45,"Glen Ellyn, IL",Micronesia,13,19,0,6,1,7,Caucasian,W
Tracy Hughes-Wolf,"July 9, 1964 (1964-07-09) (age 57)",43,"Fredericksburg, VA",Micronesia,12,20,7,3,0,3,Caucasian,W
Ami Cusack,"January 25, 1973 (1973-01-25) (age 49)",34,"Golden, CO",Micronesia,11,21,4,5,0,5,Caucasian,W
Eliza Orlins,"December 25, 1982 (1982-12-25) (age 39)",24,"Manhattan, NY",Micronesia,10,24,8,10,0,10,Caucasian,W
Ozzy Lusth,"August 23, 1981 (1981-08-23) (age 40)",26,"Venice, CA",Micronesia,9,27,9,5,1,6,Latin- American,M
Jason Siska,"March 4, 1985 (1985-03-04) (age 37)",22,"Fox River Grove, IL",Micronesia,8,30,8,8,2,10,Caucasian,M
James Clement,"March 9, 1977 (1977-03-09) (age 45)",30,"Lafayette, LA",Micronesia,7,31,3,10,0,10,African- American,M
Alexis Jones,"July 6, 1983 (1983-07-06) (age 38)",24,"Beverly Hills, CA",Micronesia,6,33,2,8,1,9,Caucasian,W
Erik Reichenbach,"November 27, 1985 (1985-11-27) (age 36)",21,"Ypsilanti, MI",Micronesia,5,36,7,3,5,8,Caucasian,M
Natalie Bolton,"December 31, 1975 (1975-12-31) (age 46)",31,"West Hollywood, CA",Micronesia,4,37,3,8,0,8,Asian- American,W
Cirie Fields,"July 18, 1970 (1970-07-18) (age 51)",37,"Norwalk, CT",Micronesia,3,38,3,5,0,5,African- American,W
Amanda Kimmel,"August 3, 1984 (1984-08-03) (age 37)",23,"Los Angeles, CA",Micronesia,2,39,4,5,3,8,Caucasian,W
Parvati Shallow,"September 21, 1982 (1982-09-21) (age 39)",25,"Los Angeles, CA",Micronesia,1,39,4,10,1,11,Caucasian,W
Michelle Chase,"March 7, 1984 (1984-03-07) (age 38)",24,"Los Angeles, CA",Gabon,18,3,8,0,0,0,Caucasian,W
Gillian Larson,"February 24, 1947 (1947-02-24) (age 75)",61,"Temecula, CA",Gabon,17,6,8,0,0,0,Caucasian,W
Paloma Soto-Castillo,"August 24, 1984 (1984-08-24) (age 37)",23,"Downey, CA",Gabon,16,9,7,3,0,3,Latin- American,W
Jacquie Berg,"September 10, 1982 (1982-09-10) (age 39)",25,"Santa Barbara, CA",Gabon,15,12,5,3,0,3,Caucasian,W
GC Brown,"July 13, 1982 (1982-07-13) (age 39)",25,"Portland, OR",Gabon,14,15,6,2,1,3,African- American,M
Kelly Czarnecki,"April 4, 1986 (1986-04-04) (age 36)",22,"Buffalo Grove, IL",Gabon,13,18,8,3,0,3,Caucasian,W
Ace Gordon,"September 3, 1980 (1980-09-03) (age 41)",27,"Naples, FL",Gabon,12,21,5,3,0,3,Caucasian,M
Dan Kay,"June 30, 1976 (age 40)",31,"Boston, MA",Gabon,11,21,4,8,0,8,Caucasian,M
Marcus Lehman,"October 3, 1979 (1979-10-03) (age 42)",28,"Atlanta, GA",Gabon,10,24,3,9,2,11,Latin- American,M
Charlie Herschel,"May 12, 1979 (1979-05-12) (age 42)",29,"New York City, NY",Gabon,9,27,5,11,0,11,Caucasian,M
Randy Bailey,"March 31, 1959 (1959-03-31) (age 63)",49,"Eagle Rock, MO",Gabon,8,30,5,10,0,10,Caucasian,M
Corinne Kaplan,"January 17, 1979 (1979-01-17) (age 43)",29,"Los Angeles, CA",Gabon,7,33,4,11,0,11,Caucasian,W
Crystal Cox,"March 28, 1979 (1979-03-28) (age 43)",29,"Durham, NC",Gabon,6,36,11,2,0,2,African- American,W
Ken Hoang,"October 10, 1985 (1985-10-10) (age 36)",22,"Westminister, CA",Gabon,5,37,7,2,1,3,Asian- American,M
Matty Whitmore,"December 18, 1978 (1978-12-18) (age 43)",29,"Pacific Palisades, CA",Gabon,4,38,7,4,0,4,Caucasian,M
Sugar Kiper,"February 22, 1979 (1979-02-22) (age 43)",29,"Brooklyn, NY",Gabon,2,39,0,5,0,5,Caucasian,W
Susie Smith,"October 24, 1960 (1960-10-24) (age 61)",47,"Charles City, IA",Gabon,2,39,7,8,2,10,Latin- American,W
Bob Crowley,"February 25, 1951 (1951-02-25) (age 71)",57,"Portland, ME",Gabon,1,39,2,9,5,14,Caucasian,M
Carolina Eastwood,"October 27, 1981 (1981-10-27) (age 40)",27,"West Hollywood, CA",Tocantins,16,3,7,0,N/A,0,Latin- American,W
Candace Smith,"February 1, 1977 (1977-02-01) (age 45)",31,"Los Angeles, CA",Tocantins,15,6,7,1,N/A,1,African- American,W
Jerry Sims,"May 18, 1959 (1959-05-18) (age 62)",49,"Rock Hill, SC",Tocantins,14,9,6,1,N/A,1,African- American,M
Sandy Burgin,"July 1, 1955 (1955-07-01) (age 66)",53,"Louisville, KY",Tocantins,13,12,6,4,N/A,4,Caucasian,W
Spencer Duhm,"December 20, 1989 (1989-12-20) (age 32)",18,"Gainesville, FL",Tocantins,12,15,5,5,N/A,5,Caucasian,M
Sydney Wheeler,"May 11, 1984 (1984-05-11) (age 37)",24,"San Diego, CA",Tocantins,11,18,4,5,N/A,5,Caucasian,W
Joe Dowdle,"June 29, 1982 (1982-06-29) (age 39)",26,"Austin, TX",Tocantins,10,20,1,5,0,5,Caucasian,M
Brendan Synnott,"September 28, 1978 (1978-09-28) (age 43)",30,"Vail, CO",Tocantins,9,24,4,5,1,6,Caucasian,M
Tyson Apostol,"June 17, 1979 (1979-06-17) (age 42)",29,"Heber City, UT",Tocantins,8,27,5,5,3,8,Caucasian,M
Sierra Reed,"September 29, 1985 (1985-09-29) (age 36)",23,"Los Angeles, CA",Tocantins,7,30,11,5,0,5,Caucasian,W
Debbie Beebe,"September 28, 1962 (1962-09-28) (age 59)",46,"Auburn, AL",Tocantins,6,33,6,5,3,8,Caucasian,W
Coach Wade,"September 18, 1971 (1971-09-18) (age 50)",37,"Bolivar, MO",Tocantins,5,36,6,5,1,6,Caucasian,M
Taj Johnson-George,"April 29, 1971 (1971-04-29) (age 50)",37,"Nashville, TN",Tocantins,4,37,7,5,0,5,African- American,W
Erinn Lobdell,"October 21, 1982 (1982-10-21) (age 39)",26,"Milwaukee, WI",Tocantins,3,38,5,5,1,6,Caucasian,W
Stephen Fishbach,"January 24, 1979 (1979-01-24) (age 43)",29,"New York City, NY",Tocantins,2,39,1,5,2,7,Caucasian,M
J.T. Thomas,"June 23, 1984 (1984-06-23) (age 37)",24,"Mobile, AL",Tocantins,1,39,0,5,6,11,Caucasian,M
Marisa Calihan,"July 26, 1983 (1983-07-26) (age 38)",25,"Cincinnati, OH",Samoa,20,3,7,1,N/A,1,Caucasian,W
Mike Borassi,"March 13, 1947 (1947-03-13) (age 75)",62,"Marina del Rey, CA",Samoa,19,5,0,1,N/A,1,Caucasian,M
Betsy Bolan,"March 20, 1961 (1961-03-20) (age 61)",48,"Campton, NH",Samoa,18,6,7,1,N/A,1,Caucasian,W
Ben Browning,"August 28, 1980 (1980-08-28) (age 41)",28,"Los Angeles, CA",Samoa,17,8,7,1,N/A,1,Caucasian,M
Yasmin Giles,"August 29, 1975 (1975-08-29) (age 46)",33,"Los Angeles, CA",Samoa,16,11,8,4,N/A,4,African- American,W
Ashley Trainer,"February 27, 1987 (1987-02-27) (age 35)",22,"Maple Grove, MN",Samoa,15,14,9,2,N/A,2,Caucasian,W
Russell Swan,"February 17, 1967 (1967-02-17) (age 55)",42,"Glenside, PA",Samoa,14,15,0,6,N/A,6,African- American,M
Liz Kim,"November 24, 1975 (1975-11-24) (age 46)",33,"New York City, NY",Samoa,13,18,5,2,N/A,2,Asian- American,W
Erik Cardona,"April 13, 1981 (1981-04-13) (age 41)",28,"Los Angeles, CA",Samoa,12,21,10,8,0,8,Latin- American,M
Kelly Sharbaugh,"December 26, 1983 (1983-12-26) (age 38)",25,"San Diego, CA",Samoa,11,24,4,8,1,9,Caucasian,W
Laura Morett,"July 30, 1969 (1969-07-30) (age 52)",39,"Salem, OR",Samoa,10,27,10,8,3,11,Caucasian,W
John Fincher,"August 16, 1983 (1983-08-16) (age 38)",25,"Santa Monica, CA",Samoa,9,30,7,8,2,10,Latin- American,M
Dave Ball,"August 13, 1970 (1970-08-13) (age 51)",38,"Los Angeles, CA",Samoa,8,31,8,8,2,10,Caucasian,M
Monica Padilla,"July 14, 1984 (1984-07-14) (age 37)",24,"San Diego, CA",Samoa,7,33,7,8,1,9,Latin- American,W
Shambo Waters,"April 25, 1964 (1964-04-25) (age 58)",45,"Renton, WA",Samoa,6,36,6,8,2,10,Caucasian,W
Jaison Robinson,"September 25, 1980 (1980-09-25) (age 41)",28,"Chicago, IL",Samoa,5,37,7,2,3,5,African- American,M
Brett Clouser,"December 27, 1985 (1985-12-27) (age 36)",23,"Los Angeles, CA",Samoa,4,38,3,8,4,12,Caucasian,M
Mick Trimming,"May 10, 1976 (1976-05-10) (age 45)",33,"Los Angeles, CA",Samoa,2,39,4,2,1,3,Caucasian,M
Russell Hantz,"October 10, 1972 (1972-10-10) (age 49)",36,"Dayton, TX",Samoa,2,39,9,2,3,5,Caucasian,M
Natalie White,"April 22, 1983 (1983-04-22) (age 39)",26,"Van Buren, AR",Samoa,1,39,8,2,1,3,Caucasian,W
Sugar Kiper,"February 22, 1979 (1979-02-22) (age 43)",30,"Los Angeles, CA",Heroes vs. Villains,20,3,9,1,N/A,1,Caucasian,W
Stephenie LaGrossa,"December 6, 1979 (1979-12-06) (age 42)",29,"Philadelphia, PA",Heroes vs. Villains,19,6,6,1,N/A,1,Caucasian,W
Randy Bailey,"March 31, 1959 (1959-03-31) (age 63)",50,"Austin, TX",Heroes vs. Villains,18,8,9,2,N/A,2,Caucasian,M
Cirie Fields,"July 18, 1970 (1970-07-18) (age 51)",39,"Norwalk, CT",Heroes vs. Villains,17,11,3,2,N/A,2,African- American,W
Tom Westman,"January 4, 1964 (1964-01-04) (age 58)",45,"New York City, NY",Heroes vs. Villains,16,14,8,2,N/A,2,Caucasian,M
Tyson Apostol,"June 17, 1979 (1979-06-17) (age 42)",30,"Lindon, UT",Heroes vs. Villains,15,15,3,7,0,7,Caucasian,M
James Clement,"March 9, 1977 (1977-03-09) (age 45)",32,"Lafayette, LA",Heroes vs. Villains,14,15,7,2,0,2,African- American,M
Rob Mariano,"December 25, 1975 (1975-12-25) (age 46)",33,"Pensacola, FL",Heroes vs. Villains,13,18,5,7,1,8,Caucasian,M
Coach Wade,"September 18, 1971 (1971-09-18) (age 50)",37,"Susanville, CA",Heroes vs. Villains,12,21,4,7,0,7,Caucasian,M
Courtney Yates,"March 26, 1981 (1981-03-26) (age 41)",28,"New York City, NY",Heroes vs. Villains,11,24,9,8,0,8,Caucasian,W
J.T. Thomas,"June 23, 1984 (1984-06-23) (age 37)",25,"Mobile, AL",Heroes vs. Villains,10,27,5,7,0,7,Caucasian,M
Amanda Kimmel,"August 3, 1984 (1984-08-03) (age 37)",25,"Los Angeles, CA",Heroes vs. Villains,9,30,10,7,1,8,Caucasian,W
Candice Woodcock,"November 12, 1982 (1982-11-12) (age 39)",26,"Washington, DC",Heroes vs. Villains,8,31,5,7,1,8,Caucasian,W
Danielle DiLorenzo,"June 3, 1981 (1981-06-03) (age 40)",28,"Los Angeles, CA",Heroes vs. Villains,7,33,4,8,2,10,Caucasian,W
Rupert Boneham,"January 27, 1964 (1964-01-27) (age 58)",45,"Indianapolis, IN",Heroes vs. Villains,6,36,10,7,0,7,Caucasian,M
Colby Donaldson,"April 1, 1974 (1974-04-01) (age 48)",35,"Dallas, TX",Heroes vs. Villains,5,37,7,7,1,8,Caucasian,M
Jerri Manthey,"September 5, 1970 (1970-09-05) (age 51)",38,"Los Angeles, CA",Heroes vs. Villains,4,38,9,8,2,10,Caucasian,W
Russell Hantz,"October 10, 1972 (1972-10-10) (age 49)",36,"Dayton, TX",Heroes vs. Villains,2,39,5,8,2,10,Caucasian,M
Parvati Shallow,"September 21, 1982 (1982-09-21) (age 39)",26,"Los Angeles, CA",Heroes vs. Villains,2,39,8,8,3,11,Caucasian,W
Sandra Diaz-Twine,"July 30, 1974 (1974-07-30) (age 47)",35,"Fayatteville, NC",Heroes vs. Villains,1,39,3,8,0,8,Latin- American,W
Wendy DeSmidt-Kohlhoff,"December 13, 1961 (1961-12-13) (age 60)",48,"Fromberg, MT",Nicaragua,20,3,9,0,N/A,0,Caucasian,W
Shannon Elkins,"December 4, 1979 (1979-12-04) (age 42)",30,"Lafayette, LA",Nicaragua,19,6,7,2,N/A,2,Caucasian,M
Jimmy Johnson,"July 16, 1943 (1943-07-16) (age 78)",66,"Islamorada, FL",Nicaragua,18,8,8,1,N/A,1,Caucasian,M
Jimmy Tarantino,"September 7, 1962 (1962-09-07) (age 59)",47,"Gloucester, MA",Nicaragua,17,11,5,1,N/A,1,Caucasian,M
Tyrone Davis,"September 24, 1967 (1967-09-24) (age 54)",42,"Inglewood, CA",Nicaragua,16,14,6,2,N/A,2,African- American,M
Kelly Bruno,"March 23, 1984 (1984-03-23) (age 38)",26,"Durham, NC",Nicaragua,15,15,8,6,0,6,Caucasian,W
Yve Rojas,"March 9, 1969 (1969-03-09) (age 53)",41,"Kansas City, MO",Nicaragua,14,15,7,2,0,2,Latin- American,W
Jill Behm,"January 18, 1967 (1967-01-18) (age 55)",43,"Erie, PA",Nicaragua,13,18,3,3,1,4,Caucasian,M
Alina Wilson,"February 20, 1987 (1987-02-20) (age 35)",23,"Downey, CA",Nicaragua,12,22,10,7,0,7,Caucasian,W
Marty Piombo,"November 11, 1961 (1961-11-11) (age 60)",48,"Mill Valley, CA",Nicaragua,11,24,15,3,1,4,Caucasian,M
Brenda Lowe,"November 3, 1982 (1982-11-03) (age 39)",27,"Miami, FL",Nicaragua,10,27,13,6,1,7,Asian-Latin- American,W
NaOnka Mixon,"February 17, 1983 (1983-02-17) (age 39)",27,"Los Angeles, CA",Nicaragua,9,28,3,7,2,9,African- American,W
Kelly Shinn,"May 5, 1990 (1990-05-05) (age 31)",20,"Mesa, AZ",Nicaragua,8,28,0,6,1,7,Caucasian,W
Benry Henry,"June 25, 1986 (1986-06-25) (age 35)",23,"Los Angeles, CA",Nicaragua,7,32,5,7,2,9,Caucasian,M
Jane Bright,"December 13, 1953 (1953-12-13) (age 68)",56,"Jackson Springs, NC",Nicaragua,6,36,11,3,3,6,Caucasian,W
Dan Lembo,"November 5, 1946 (1946-11-05) (age 75)",63,"Watermill, NY",Nicaragua,5,37,9,4,2,6,Caucasian,M
Holly Hoffman,"March 15, 1966 (1966-03-15) (age 56)",44,"Eureka, SD",Nicaragua,4,38,4,4,2,6,Caucasian,W
Sash Lenahan,"November 22, 1979 (1979-11-22) (age 42)",30,"New York City, NY",Nicaragua,2,39,2,6,2,8,African- American,M
Chase Rice,"September 19, 1985 (1985-09-19) (age 36)",24,"Fairview, NC",Nicaragua,2,39,1,7,4,11,Caucasian,M
Fabio Birza,"June 12, 1989 (1989-06-12) (age 32)",21,"Venice, CA",Nicaragua,1,39,2,6,6,12,Caucasian,M
Francesca Hogi,"November 3, 1973 (1973-11-03) (age 48)",36,"Washington, DC",Redemption Island,18,6,4,0,0,0,African- American,W
Russell Hantz,"October 10, 1972 (1972-10-10) (age 49)",37,"Dayton, TX",Redemption Island,17,10,8,2,0,2,Caucasian,M
Kristina Kell,"December 26, 1964 (1964-12-26) (age 57)",45,"Malibu, CA",Redemption Island,16,12,9,1,0,1,Caucasian,W
Krista Klumpp,"July 27, 1985 (1985-07-27) (age 36)",25,"Columbia, SC",Redemption Island,15,14,6,3,0,3,Caucasian,W
Stephanie Valencia,"February 3, 1985 (1985-02-03) (age 37)",25,"Long Beach, CA",Redemption Island,14,17,8,3,0,3,Latin- American,W
Sarita White,"October 2, 1974 (1974-10-02) (age 47)",35,"Santa Monica, CA",Redemption Island,13,19,6,3,0,3,Caucasian,W
David Murphy,"July 16, 1979 (1979-07-16) (age 42)",31,"West Hollywood, CA",Redemption Island,12,25,8,3,0,3,Caucasian,M
Julie Wolfe,"May 11, 1960 (1960-05-11) (age 61)",50,"Oceanside, CA",Redemption Island,11,28,6,3,0,3,Caucasian,W
Steve Wright,"April 8, 1959 (1959-04-08) (age 63)",51,"Huntington Beach, CA",Redemption Island,10,31,9,3,0,3,Caucasian,M
Ralph Kiser,"October 27, 1965 (age 56)",44,"Lebanon, VA",Redemption Island,9,33,10,3,1,4,Caucasian,M
Grant Mattos,"March 12, 1981 (1981-03-12) (age 41)",29,"West Hollywood, CA",Redemption Island,8,36,10,4,2,6,Caucasian,M
Matt Elrod,"October 2, 1988 (1988-10-02) (age 33)",21,"Nashville, TN",Redemption Island,7,36,10,0,10,10,Caucasian,M
Mike Chiesl,"September 15, 1979 (1979-09-15) (age 42)",30,"Del Mar, CA",Redemption Island,6,36,6,3,4,7,Caucasian,M
Andrea Boehlke,"May 10, 1989 (1989-05-10) (age 32)",21,"Random Lake, WI",Redemption Island,5,37,9,4,3,7,Caucasian,W
Ashley Underwood,"February 8, 1985 (1985-02-08) (age 37)",25,"Benton, ME",Redemption Island,4,38,3,4,2,6,Caucasian,W
Natalie Tenerelli,"May 6, 1991 (1991-05-06) (age 30)",19,"Acton, CA",Redemption Island,2,39,1,4,1,5,Caucasian,M
Phillip Sheppard,"March 12, 1958 (1958-03-12) (age 64)",52,"Santa Monica, CA",Redemption Island,2,39,17,4,0,4,African- American,M
Rob Mariano,"December 25, 1975 (1975-12-25) (age 46)",34,"Pensacola, FL",Redemption Island,1,39,7,4,4,8,Caucasian,M
Semhar Tadesse,"September 12, 1986 (1986-09-12) (age 35)",24,"Los Angeles, CA",South Pacific,18,6,8,1,0,1,African- American,W
Mark Caruso,"July 7, 1963 (1963-07-07) (age 58)",47,"Forest Hills, NY",South Pacific,17,9,6,2,0,2,Caucasian,M
Stacey Powell,"November 21, 1967 (1967-11-21) (age 54)",43,"Grand Prairie, TX",South Pacific,16,12,10,2,0,2,African- American,W
Elyse Umemoto,"May 10, 1984 (1984-05-10) (age 37)",27,"Las Vegas, NV",South Pacific,15,15,3,3,0,3,Asian-Latin- American,W
Mikayla Wingle,"May 31, 1989 (1989-05-31) (age 32)",21,"Tampa, FL",South Pacific,14,17,4,3,0,3,Caucasian,W
Christine Shields Markoski,"June 17, 1971 (1971-06-17) (age 50)",39,"Merrick, NY",South Pacific,13,19,4,1,5,6,Latin- American,W
Jim Rice,"September 14, 1975 (1975-09-14) (age 46)",35,"Denver, CO",South Pacific,12,25,8,4,1,5,Caucasian,M
Keith Tollefson,"October 1, 1985 (1985-10-01) (age 36)",25,"Edina, MN",South Pacific,11,25,12,4,0,4,Caucasian,M
Dawn Meehan,"June 29, 1970 (1970-06-29) (age 51)",40,"South Jordan, UT",South Pacific,10,28,9,4,1,5,Caucasian,W
Whitney Duncan,"August 3, 1984 (1984-08-03) (age 37)",26,"Nashville, TN",South Pacific,9,28,7,4,1,5,Caucasian,W
John Cochran,"January 17, 1987 (1987-01-17) (age 35)",24,"Washington, DC",South Pacific,8,31,13,4,0,4,Caucasian,M
Edna Ma,"August 22, 1975 (1975-08-22) (age 46)",35,"Los Angeles, CA",South Pacific,7,33,15,4,0,4,Asian- American,W
Brandon Hantz,"October 15, 1991 (1991-10-15) (age 30)",19,"Katy, TX",South Pacific,6,36,4,4,1,5,Caucasian,M
Rick Nelson,"October 24, 1959 (1959-10-24) (age 62)",51,"Aurora, UT",South Pacific,5,37,15,4,0,4,Caucasian,M
Ozzy Lusth,"August 23, 1981 (1981-08-23) (age 40)",29,"Venice, CA",South Pacific,4,38,17,4,8,12,Latin- American,M
Albert Destrade,"March 31, 1985 (1985-03-31) (age 37)",26,"Plantation, FL",South Pacific,2,39,1,4,1,5,African-Latin- American,M
Coach Wade,"September 18, 1971 (1971-09-18) (age 50)",39,"Susanville, CA",South Pacific,2,39,0,4,1,5,Caucasian,M
Sophie Clarke,"July 10, 1989 (1989-07-10) (age 32)",21,"Willsboro, NY",South Pacific,1,39,5,4,3,7,Caucasian,W
Kourtney Moon,"February 27, 1982 (1982-02-27) (age 40)",29,"Austin, TX",One World,18,3,N/A,0,N/A,0,Caucasian,W
Nina Acosta,"April 3, 1960 (1960-04-03) (age 62)",51,"Clovis, CA",One World,17,5,6,0,N/A,0,Caucasian,W
Matt Quinlan,"April 5, 1978 (1978-04-05) (age 44)",33,"San Francisco, CA",One World,16,8,7,3,N/A,3,Caucasian,M
Bill Posley,"September 28, 1983 (1983-09-28) (age 38)",27,"Venice, CA",One World,15,11,8,4,N/A,4,African- American,W
Monica Culpepper,"June 15, 1970 (1970-06-15) (age 51)",41,"Tampa, FL",One World,14,14,5,3,N/A,3,Caucasian,W
Colton Cumbie,"November 22, 1990 (1990-11-22) (age 31)",20,"Monroeville, AL",One World,13,16,1,4,N/A,4,Caucasian,M
Jonas Otsuji,"March 25, 1974 (1974-03-25) (age 48)",37,"Lehi, UT",One World,12,20,10,4,0,4,Asian- American,M
Michael Jefferson,"August 29, 1981 (1981-08-29) (age 40)",29,"Seattle, WA",One World,11,22,9,7,1,8,Caucasian,M
Jay Byars,"November 5, 1986 (1986-11-05) (age 35)",24,"Gaffney, SC",One World,10,25,5,7,3,10,Caucasian,M
Leif Manson,"February 1, 1984 (1984-02-01) (age 38)",27,"San Diego, CA",One World,9,27,5,4,1,5,Caucasian,M
Troyzan Robertson,"July 30, 1961 (1961-07-30) (age 60)",50,"Miami, FL",One World,8,30,6,7,4,11,Caucasian,M
Kat Edorsson,"June 22, 1989 (1989-06-22) (age 32)",22,"Orlando, FL",One World,7,33,7,6,2,8,Caucasian,W
Tarzan Smith,"December 12, 1947 (1947-12-12) (age 74)",63,"Houston, TX",One World,6,36,12,4,1,5,Caucasian,M
Alicia Rosa,"January 11, 1987 (1987-01-11) (age 35)",24,"Chicago, IL",One World,5,37,5,3,3,6,Latin- American,W
Christina Cha,"September 26, 1982 (1982-09-26) (age 39)",28,"West Hollywood, CA",One World,4,38,9,3,2,5,Asian- American,W
Chelsea Meissner,"June 13, 1985 (1985-06-13) (age 36)",26,"Charleston, SC",One World,2,39,4,6,3,9,Caucasian,W
Sabrina Thompson,"March 6, 1978 (1978-03-06) (age 44)",33,"Brooklyn, NY",One World,2,39,2,6,2,8,African- American,W
Kim Spradlin,"January 30, 1983 (1983-01-30) (age 39)",28,"San Antonio, TX",One World,1,39,3,6,6,12,Caucasian,W
Zane Knight,"February 20, 1984 (1984-02-20) (age 38)",28,"Danville, VA",Philippines,18,3,5,0,N/A,0,Caucasian,M
Roxy Morris,"June 3, 1984 (1984-06-03) (age 37)",27,"Brooklyn, NY",Philippines,17,6,4,0,N/A,0,African- American,W
Angie Layton,"October 8, 1991 (1991-10-08) (age 30)",20,"Provo, UT",Philippines,16,8,4,0,N/A,0,Caucasian,W
Russell Swan,"February 17, 1967 (1967-02-17) (age 55)",45,"Glenside, PA",Philippines,15,10,4,0,N/A,0,African- American,M
Dana Lambert,"December 13, 1979 (1979-12-13) (age 42)",32,"Winston-Salem, NC",Philippines,14,12,N/A,4,N/A,4,Caucasian,W
Sarah Dawson,"November 15, 1983 (1983-11-15) (age 38)",28,"Silver Spring, MD",Philippines,13,13,5,4,N/A,4,African- American,W
Katie Hanson,"November 29, 1989 (1989-11-29) (age 32)",22,"Newark, DE",Philippines,12,16,4,5,N/A,5,Caucasian,W
RC Saint-Amour,"May 10, 1985 (1985-05-10) (age 36)",26,"New York City, NY",Philippines,11,19,4,7,0,7,Caucasian,W
Jeff Kent,"March 7, 1968 (1968-03-07) (age 54)",44,"Austin, TX",Philippines,10,22,5,5,1,6,Caucasian,M
Artis Silvester,"April 18, 1959 (1959-04-18) (age 63)",52,"Terrytown, LA",Philippines,9,25,5,7,0,7,African- American,M
Pete Yurkowski,"March 3, 1988 (1988-03-03) (age 34)",24,"Holmdel, NJ",Philippines,8,27,9,7,1,8,Caucasian,M
Jonathan Penner,"March 5, 1962 (1962-03-05) (age 60)",50,"Los Angeles, CA",Philippines,7,30,14,5,3,8,Caucasian,M
Carter Williams,"May 26, 1987 (1987-05-26) (age 34)",24,"Shawnee, KS",Philippines,6,33,5,5,4,9,Caucasian,M
Abi-Maria Gomes,"October 21, 1979 (1979-10-21) (age 42)",32,"Los Angeles, CA",Philippines,5,36,9,7,2,9,Latin- American,W
Malcolm Freberg,"May 7, 1987 (1987-05-07) (age 34)",24,"Hermosa Beach, CA",Philippines,4,38,6,3,7,10,Caucasian,M
Lisa Whelchel,"May 29, 1963 (1963-05-29) (age 58)",48,"Dallas, TX",Philippines,2,39,0,7,1,8,Caucasian,W
Michael Skupin,"January 29, 1962 (1962-01-29) (age 60)",50,"White Lake, MI",Philippines,2,39,0,7,3,10,Caucasian,M
Denise Stapley,"January 1, 1971 (1971-01-01) (age 51)",41,"Cedar Rapids, IA",Philippines,1,39,6,1,3,4,Caucasian,W
Francesca Hogi,"November 3, 1973 (1973-11-03) (age 48)",38,"Brooklyn, NY",Caramoan,20,3,6,1,N/A,1,African- American,W
Allie Pohevitz,"December 24, 1987 (1987-12-24) (age 34)",24,"Oceanside, NY",Caramoan,19,5,6,1,N/A,1,Caucasian,W
Hope Driskill,"July 6, 1989 (1989-07-06) (age 32)",22,"Jefferson City, MO",Caramoan,18,7,8,1,N/A,1,Caucasian,W
Shamar Thomas,"September 27, 1985 (1985-09-27) (age 36)",26,"Brooklyn, NY",Caramoan,17,10,8,1,N/A,1,African- American,M
Laura Alexander,"September 12, 1989 (1989-09-12) (age 32)",22,"Washington, DC",Caramoan,16,10,6,1,N/A,1,Caucasian,W
Brandon Hantz,"October 15, 1991 (1991-10-15) (age 30)",20,"Katy, TX",Caramoan,15,13,8,6,N/A,6,Caucasian,M
Matt Bischoff,"April 4, 1974 (1974-04-04) (age 48)",38,"Cincinnati, OH",Caramoan,14,16,4,1,N/A,1,Caucasian,M
Julia Landauer,"November 12, 1991 (1991-11-12) (age 30)",20,"Stanford, CA",Caramoan,13,19,9,1,N/A,1,Caucasian,W
Corinne Kaplan,"January 17, 1979 (1979-01-17) (age 43)",33,"Los Angeles, CA",Caramoan,12,22,7,6,0,6,Caucasian,W
Michael Snow,"August 30, 1968 (1968-08-30) (age 53)",43,"New York City, NY",Caramoan,11,25,10,1,1,2,Caucasian,M
Phillip Sheppard,"March 12, 1958 (1958-03-12) (age 64)",54,"Santa Monica, CA",Caramoan,10,28,5,6,1,7,African- American,M
Malcolm Freberg,"May 7, 1987 (1987-05-07) (age 34)",25,"Hermosa Beach, CA",Caramoan,9,30,11,9,0,9,Caucasian,M
Reynold Toepfer,"October 6, 1982 (1982-10-06) (age 39)",29,"San Francisco, CA",Caramoan,8,31,9,4,3,7,Caucasian,M
Andrea Boehlke,"May 10, 1989 (1989-05-10) (age 32)",23,"New York City, NY",Caramoan,7,33,13,9,1,10,Caucasian,W
Brenda Lowe,"November 3, 1982 (1982-11-03) (age 39)",29,"Miami, FL",Caramoan,6,36,5,9,2,11,Asian-Latin- American,W
Erik Reichenbach,"November 27, 1985 (1985-11-27) (age 36)",26,"Santa Clarita, CA",Caramoan,5,36,2,9,3,12,Caucasian,M
Eddie Fox,"April 15, 1989 (1989-04-15) (age 33)",23,"East Brunswick, NJ",Caramoan,4,38,16,4,1,5,Caucasian,M
Dawn Meehan,"June 29, 1970 (1970-06-29) (age 51)",41,"South Jordan, UT",Caramoan,2,39,2,6,2,8,Caucasian,W
Sherri Biethman,"September 9, 1971 (1971-09-09) (age 50)",40,"Boise, ID",Caramoan,2,39,6,4,0,4,Caucasian,W
John Cochran,"January 17, 1987 (1987-01-17) (age 35)",25,"Washington, DC",Caramoan,1,39,0,6,6,12,Caucasian,M
Rupert Boneham,"January 27, 1964 (1964-01-27) (age 58)",49,"Indianapolis, IN",Blood vs. Water,20,4,0,0,0,0,Caucasian,M
Colton Cumbie,"November 22, 1990 (1990-11-22) (age 31)",22,"Collinsville, AL",Blood vs. Water,19,7,0,2,N/A,2,Caucasian,M
Rachel Foulger,"July 28, 1979 (1979-07-28) (age 42)",33,"Provo, UT",Blood vs. Water,18,7,5,0,0,0,Caucasian,W
Marissa Peterson,"September 25, 1991 (1991-09-25) (age 30)",21,"Chapel Hill, NC",Blood vs. Water,17,9,10,0,2,2,African- American,W
Candice Cody,"November 12, 1982 (1982-11-12) (age 39)",30,"Washington, DC",Blood vs. Water,16,11,6,0,3,3,Caucasian,W
Brad Culpepper,"May 8, 1969 (1969-05-08) (age 52)",44,"Tampa, FL",Blood vs. Water,15,14,7,0,1,1,Caucasian,M
Kat Edorsson,"June 22, 1989 (1989-06-22) (age 32)",23,"Orlando, FL",Blood vs. Water,14,17,5,4,0,4,Caucasian,W
John Cody,"May 12, 1983 (1983-05-12) (age 38)",30,"Washington, DC",Blood vs. Water,13,19,8,0,4,4,Caucasian,M
Laura Boneham,"August 29, 1968 (1968-08-29) (age 53)",44,"Indianapolis, IN",Blood vs. Water,12,19,11,4,0,4,Caucasian,W
Aras Baskauskas,"September 26, 1981 (1981-09-26) (age 40)",31,"Santa Monica, CA",Blood vs. Water,11,25,7,6,0,6,Caucasian,M
Vytas Baskauskas,"December 8, 1979 (1979-12-08) (age 42)",33,"Santa Monica, CA",Blood vs. Water,10,27,10,1,2,3,Caucasian,M
Caleb Bankston,"March 26, 1987 (age 27)",26,"Collinsville, AL",Blood vs. Water,9,30,4,3,0,3,Caucasian,M
Katie Collins,"June 27, 1987 (1987-06-27) (age 34)",25,"New York City, NY",Blood vs. Water,8,33,4,1,1,2,Caucasian,W
Hayden Moss,"May 27, 1986 (1986-05-27) (age 35)",26,"Springtown, TX",Blood vs. Water,7,36,8,3,0,3,Caucasian,M
Laura Morett,"July 30, 1969 (1969-07-30) (age 52)",43,"Salem, OR",Blood vs. Water,6,36,19,4,6,10,Caucasian,W
Ciera Eastin,"March 5, 1989 (1989-03-05) (age 33)",24,"Salem, OR",Blood vs. Water,5,37,14,3,1,4,Caucasian,W
Tina Wesson,"December 26, 1960 (1960-12-26) (age 61)",52,"Robbinsville, NC",Blood vs. Water,4,38,10,4,5,9,Caucasian,W
Gervase Peterson,"November 2, 1969 (1969-11-02) (age 52)",43,"Philadelphia, PA",Blood vs. Water,2,39,6,6,1,7,African- American,M
Monica Culpepper,"June 15, 1970 (1970-06-15) (age 51)",42,"Tampa, FL",Blood vs. Water,2,39,6,4,3,7,Caucasian,W
Tyson Apostol,"June 17, 1979 (1979-06-17) (age 42)",33,"Provo, UT",Blood vs. Water,1,39,2,6,2,8,Caucasian,M
David Samson,"February 26, 1968 (1968-02-26) (age 54)",45,"Plantation, FL",Cagayan,18,3,4,0,N/A,0,Caucasian,M
Garrett Adelstein,"May 16, 1986 (1986-05-16) (age 35)",27,"Santa Monica, CA",Cagayan,17,6,3,0,N/A,0,Caucasian,M
Brice Johnston,"February 20, 1986 (1986-02-20) (age 36)",27,"Philadelphia, PA",Cagayan,16,8,5,2,N/A,2,African- American,M
J'Tia Taylor,"September 1, 1981 (1981-09-01) (age 40)",31,"Chicago, IL",Cagayan,15,11,7,1,N/A,1,African- American,W
Cliff Robinson,"December 16, 1966 (age 53)",46,"Buffalo, NY",Cagayan,14,14,4,6,N/A,6,African- American,M
Lindsey Ogle,"September 4, 1983 (1983-09-04) (age 38)",29,"Kokomo, IN",Cagayan,13,14,0,6,N/A,6,Caucasian,W
Alexis Maxwell,"March 17, 1992 (1992-03-17) (age 30)",21,"Addison, IL",Cagayan,12,16,8,5,N/A,5,Latin- American,W
Sarah Lacina,"July 9, 1984 (1984-07-09) (age 37)",29,"Cedar Rapids, IA",Cagayan,11,19,6,6,0,6,Caucasian,W
Morgan McLeod,"July 9, 1992 (1992-07-09) (age 29)",21,"San Jose, CA",Cagayan,10,22,8,5,1,6,Caucasian,W
LJ McKanas,"January 8, 1979 (1979-01-08) (age 43)",34,"Boston, MA",Cagayan,9,25,8,7,1,8,Caucasian,M
Jeremiah Wood,"June 15, 1979 (1979-06-15) (age 42)",34,"Dobson, NC",Cagayan,8,28,9,5,3,8,Caucasian,M
Jefra Bland,"July 2, 1990 (1990-07-02) (age 31)",23,"Campbellsville, KY",Cagayan,7,30,9,7,2,9,Caucasian,W
Tasha Fox,"January 3, 1977 (1977-01-03) (age 45)",36,"St. Louis, MO",Cagayan,6,33,4,2,4,6,African- American,W
Trish Hegarty,"October 9, 1965 (1965-10-09) (age 56)",47,"Needham, MA",Cagayan,5,36,5,8,0,8,Caucasian,W
Spencer Bledsoe,"June 12, 1992 (1992-06-12) (age 29)",21,"Chicago, IL",Cagayan,4,37,8,2,7,9,Caucasian,M
Kass McQuillen,"November 8, 1971 (1971-11-08) (age 50)",41,"Tehachapi, CA",Cagayan,3,38,2,2,2,4,Caucasian,W
Woo Hwang,"March 16, 1984 (1984-03-16) (age 38)",29,"Newport Beach, CA",Cagayan,2,39,4,8,3,11,Asian- American,M
Tony Vlachos,"September 10, 1973 (1973-09-10) (age 48)",39,"Jersey City, NJ",Cagayan,1,39,5,8,2,10,Caucasian,M
Nadiya Anderson,"April 11, 1986 (1986-04-11) (age 36)",28,"Edgewater, NJ",San Juan del Sur,18,3,5,0,N/A,0,Asian- American,W
Val Collins,"November 8, 1978 (1978-11-08) (age 43)",35,"Foxboro, MA",San Juan del Sur,17,6,9,0,N/A,0,African- American,W
John Rocker,"October 17, 1974 (1974-10-17) (age 47)",39,"Atlanta, GA",San Juan del Sur,16,8,5,1,N/A,1,Caucasian,M
Drew Christy,"May 18, 1989 (1989-05-18) (age 32)",25,"Winter Park, FL",San Juan del Sur,15,10,5,6,N/A,6,Caucasian,M
Kelley Wentworth,"June 7, 1986 (1986-06-07) (age 35)",27,"Seattle, WA",San Juan del Sur,14,13,4,6,N/A,6,Caucasian,W
Dale Wentworth,"March 7, 1959 (1959-03-07) (age 63)",55,"Ephrata, WA",San Juan del Sur,13,15,8,2,N/A,2,Caucasian,M
Julie McGee,"January 24, 1980 (1980-01-24) (age 42)",34,"Atlanta, GA",San Juan del Sur,12,18,2,9,0,9,Caucasian,W
Josh Canfield,"July 1, 1981 (1981-07-01) (age 40)",32,"New York City, NY",San Juan del Sur,11,21,6,5,0,5,Caucasian,M
Jeremy Collins,"April 16, 1978 (1978-04-16) (age 44)",36,"Foxboro, MA",San Juan del Sur,10,24,5,9,3,12,African- American,M
Wes Nale,"June 19, 1990 (1990-06-19) (age 31)",23,"Shreveport, LA",San Juan del Sur,9,26,2,5,1,6,Caucasian,M
Reed Kelly,"September 5, 1982 (1982-09-05) (age 39)",31,"New York City, NY",San Juan del Sur,8,29,10,9,4,13,Caucasian,M
Alec Christy,"September 7, 1991 (1991-09-07) (age 30)",22,"Winter Park, FL",San Juan del Sur,7,32,4,5,2,7,Caucasian,M
Jon Misch,"March 29, 1988 (1988-03-29) (age 34)",26,"Waterford, MI",San Juan del Sur,6,35,8,6,3,9,Caucasian,M
Baylor Wilson,"January 25, 1994 (1994-01-25) (age 28)",20,"Nashville, TN",San Juan del Sur,5,37,17,2,2,4,Caucasian,W
Keith Nale,"August 16, 1960 (1960-08-16) (age 61)",53,"Shreveport, LA",San Juan del Sur,4,38,16,6,6,12,Caucasian,M
Missy Payne,"June 10, 1967 (1967-06-10) (age 54)",46,"Dallas, TX",San Juan del Sur,2,39,3,6,1,7,Caucasian,W
Jaclyn Schultz,"August 16, 1988 (1988-08-16) (age 33)",25,"Las Vegas, NV",San Juan del Sur,2,39,6,2,2,4,Caucasian,W
Natalie Anderson,"April 11, 1986 (1986-04-11) (age 36)",28,"Edgewater, NJ",San Juan del Sur,1,39,0,9,4,13,Asian- American,W
So Kim,"January 13, 1983 (1983-01-13) (age 39)",31,"Long Beach, CA",Worlds Apart,18,3,4,0,N/A,0,Asian- American,W
Vince Sly,"February 16, 1982 (1982-02-16) (age 40)",32,"Santa Monica, CA",Worlds Apart,17,6,3,1,N/A,1,Caucasian,M
Nina Poersch,"January 17, 1963 (1963-01-17) (age 59)",51,"Palmdale, CA",Worlds Apart,16,8,4,1,N/A,1,Asian- American,W
Lindsey Cascaddan,"August 24, 1989 (1989-08-24) (age 32)",24,"College Park, FL",Worlds Apart,15,11,5,3,N/A,3,Caucasian,W
Max Dawson,"March 31, 1977 (1977-03-31) (age 45)",37,"Topanga, CA",Worlds Apart,14,14,5,4,N/A,4,Caucasian,M
Joaquin Souberbielle,"August 16, 1986 (1986-08-16) (age 35)",27,"Valley Stream, NY",Worlds Apart,13,16,4,6,N/A,6,Latin- American,M
Kelly Remington,"April 27, 1970 (1970-04-27) (age 52)",44,"Grand Island, NY",Worlds Apart,12,19,4,5,0,5,Caucasian,W
Hali Ford,"July 20, 1989 (1989-07-20) (age 32)",25,"San Francisco, CA",Worlds Apart,11,22,8,5,0,5,Caucasian,W
Joe Anglim,"September 30, 1988 (1988-09-30) (age 33)",25,"Scottsdale, AZ",Worlds Apart,10,24,8,5,3,8,Caucasian,M
Jenn Brown,"January 27, 1992 (1992-01-27) (age 30)",22,"Long Beach, CA",Worlds Apart,9,27,18,5,0,5,Caucasian,W
Shirin Oskooi,"February 25, 1983 (1983-02-25) (age 39)",31,"San Francisco, CA",Worlds Apart,8,29,7,6,1,7,Asian- American,W
Tyler Fredrickson,"February 26, 1981 (1981-02-26) (age 41)",33,"Los Angeles, CA",Worlds Apart,7,32,5,6,3,9,Caucasian,M
Dan Foley,"February 5, 1967 (1967-02-05) (age 55)",47,"Gorham, ME",Worlds Apart,6,35,9,5,2,7,Caucasian,M
Sierra Dawn Thomas,"December 18, 1986 (1986-12-18) (age 35)",27,"Roy, UT",Worlds Apart,5,37,6,5,2,7,Caucasian,W
Rodney Lavoie Jr.,"September 2, 1989 (1989-09-02) (age 32)",24,"Boston, MA",Worlds Apart,4,38,5,5,0,5,Caucasian,M
Carolyn Rivera,"October 7, 1961 (1961-10-07) (age 60)",52,"Tampa, FL",Worlds Apart,2,39,10,6,5,11,Caucasian,W
Will Sims II,"August 13, 1972 (1972-08-13) (age 49)",41,"Sherman Oaks, CA",Worlds Apart,2,39,4,5,2,7,African- American,M
Mike Holloway,"July 25, 1976 (1976-07-25) (age 45)",38,"North Richland Hills, TX",Worlds Apart,1,39,4,5,9,14,Caucasian,M
Vytas Baskauskas,"December 8, 1979 (1979-12-08) (age 42)",35,"Santa Monica, CA",Cambodia,20,3,6,1,N/A,1,Caucasian,M
Shirin Oskooi,"February 25, 1983 (1983-02-25) (age 39)",32,"San Francisco, CA",Cambodia,19,6,5,1,N/A,1,Asian- American,W
Peih-Gee Law,"April 7, 1978 (1978-04-07) (age 44)",37,"San Francisco, CA",Cambodia,18,9,4,1,N/A,1,Asian- American,W
Jeff Varner,"April 16, 1966 (1966-04-16) (age 56)",49,"Greensboro, NC",Cambodia,17,11,4,2,N/A,2,Caucasian,M
Monica Padilla,"July 14, 1984 (1984-07-14) (age 37)",30,"Queens, NY",Cambodia,16,13,3,4,N/A,4,Latin- American,W
Terry Deitz,"October 10, 1959 (1959-10-10) (age 62)",55,"Simsbury, CT",Cambodia,15,13,0,6,N/A,6,Caucasian,M
Woo Hwang,"March 16, 1984 (1984-03-16) (age 38)",31,"Newport Beach, CA",Cambodia,14,16,5,5,N/A,5,Caucasian,M
Kass McQuillen,"November 8, 1971 (1971-11-08) (age 50)",43,"Tehachapi, CA",Cambodia,13,19,6,8,0,8,Caucasian,W
Andrew Savage,"July 29, 1963 (1963-07-29) (age 58)",51,"San Jose, CA",Cambodia,12,21,4,6,0,6,Caucasian,M
Kelly Wiglesworth,"June 24, 1977 (1977-06-24) (age 44)",37,"Greensboro, NC",Cambodia,11,24,8,4,1,5,Caucasian,W
Ciera Eastin,"March 5, 1989 (1989-03-05) (age 33)",26,"Salem, OR",Cambodia,10,26,10,8,3,11,Caucasian,M
Stephen Fishbach,"January 24, 1979 (1979-01-24) (age 43)",36,"New York City, NY",Cambodia,9,29,9,5,2,7,Caucasian,M
Joe Anglim,"September 30, 1988 (1988-09-30) (age 33)",26,"Scottsdale, AZ",Cambodia,8,32,8,8,7,15,Caucasian,M
Abi-Maria Gomes,"October 21, 1979 (1979-10-21) (age 42)",35,"Los Angeles, CA",Cambodia,7,35,14,5,1,6,Latin- American,W
Kimmi Kappenberg,"November 11, 1972 (1972-11-11) (age 49)",42,"The Woodlands, TX",Cambodia,6,36,5,5,1,6,Caucasian,W
Keith Nale,"August 16, 1960 (1960-08-16) (age 61)",54,"Keithville, LA",Cambodia,5,37,4,8,3,11,Caucasian,M
Kelley Wentworth,"June 7, 1986 (1986-06-07) (age 35)",28,"Seattle, WA",Cambodia,4,38,17,7,4,11,Caucasian,W
Spencer Bledsoe,"June 12, 1992 (1992-06-12) (age 29)",22,"Chicago, IL",Cambodia,2,39,11,4,5,9,Caucasian,M
Tasha Fox,"January 3, 1977 (1977-01-03) (age 45)",38,"St. Louis, MO",Cambodia,2,39,8,5,2,7,Caucasian,W
Jeremy Collins,"April 16, 1978 (1978-04-16) (age 44)",37,"Foxboro, MA",Cambodia,1,39,3,5,1,6,African- American,M
Darnell Hamilton,"February 8, 1988 (1988-02-08) (age 34)",27,"Chicago, IL",Kah Rng,18,3,7,0,N/A,0,African- American,M
Jennifer Lanzetti,"July 14, 1977 (1977-07-14) (age 44)",37,"Salt Lake City, UT",Kah Rng,17,6,3,0,N/A,0,Caucasian,W
Liz Markham,"August 14, 1988 (1988-08-14) (age 33)",26,"New York City, NY",Kah Rng,16,8,5,2,N/A,2,Caucasian,W
Caleb Reynolds,"November 27, 1987 (1987-11-27) (age 34)",27,"Hopkinsville, KY",Kah Rng,15,9,N/A,4,N/A,4,Caucasian,M
Alecia Holden,"August 3, 1991 (1991-08-03) (age 30)",23,"Dallas, TX",Kah Rng,14,11,8,1,N/A,1,Caucasian,W
Anna Khait,"September 17, 1988 (1988-09-17) (age 33)",26,"Brooklyn, NY",Kah Rng,13,13,5,5,N/A,5,Caucasian,W
Peter Baggenstos,"July 21, 1980 (1980-07-21) (age 41)",34,"Minneapolis, MN",Kah Rng,12,16,7,5,N/A,5,African- American,M
Neal Gottlieb,"February 3, 1977 (1977-02-03) (age 45)",38,"Sausalito, CA",Kah Rng,11,19,0,6,0,6,Caucasian,M
Nick Maiorano,"January 28, 1985 (1985-01-28) (age 37)",30,"Redondo Beach, CA",Kah Rng,10,22,6,7,2,9,Caucasian,M
Debbie Wanner,"November 21, 1965 (1965-11-21) (age 56)",49,"Reading, PA",Kah Rng,9,24,5,6,1,7,Caucasian,W
Scot Pollard,"February 12, 1975 (1975-02-12) (age 47)",40,"Carmel, IN",Kah Rng,8,27,7,2,2,4,Caucasian,M
Julia Sokolowski,"April 8, 1996 (1996-04-08) (age 26)",18,"Boston, MA",Kah Rng,7,29,7,6,4,10,Caucasian,W
Kyle Jason,"July 16, 1984 (1984-07-16) (age 37)",30,"Detroit, MI",Kah Rng,6,32,5,3,3,6,Caucasian,M
Joe del Campo,"July 4, 1943 (1943-07-04) (age 78)",71,"Vero Beach, FL",Kah Rng,5,34,1,5,1,6,Caucasian,M
Cydney Gillon,"September 14, 1992 (1992-09-14) (age 29)",22,"Douglasville, GA",Kah Rng,4,37,5,3,2,5,African- American,W
Tai Trang,"March 23, 1964 (1964-03-23) (age 58)",51,"San Francisco, CA",Kah Rng,2,39,4,6,5,11,Asian- American,M
Aubry Bracco,"November 14, 1985 (1985-11-14) (age 36)",29,"Cambridge, MA",Kah Rng,2,39,8,5,1,6,Caucasian,W
Michele Fitzgerald,"May 5, 1990 (1990-05-05) (age 31)",24,"Freehold, NJ",Kah Rng,1,39,2,7,6,13,Caucasian,W
Rachel Ako,"September 8, 1978 (1978-09-08) (age 43)",37,"Los Angeles, CA",Millennials vs. Gen X,20,4,5,0,N/A,0,Asian- American,W
Mari Takahashi,"November 2, 1984 (1984-11-02) (age 37)",31,"Los Angeles, CA",Millennials vs. Gen X,19,7,7,1,N/A,1,Asian- American,W
Paul Wachter,"October 10, 1963 (1963-10-10) (age 58)",52,"Sugarloaf Key, FL",Millennials vs. Gen X,18,10,6,1,N/A,1,Caucasian,M
Lucy Huang,"September 22, 1973 (1973-09-22) (age 48)",42,"Diamond Bar, CA",Millennials vs. Gen X,17,12,2,2,N/A,2,Asian- American,W
CeCe Taylor,"March 2, 1977 (1977-03-02) (age 45)",39,"Granada Hills, CA",Millennials vs. Gen X,16,15,11,2,N/A,2,African- American,W
Figgy Figueroa,"December 12, 1992 (1992-12-12) (age 29)",23,"Nashville, TN",Millennials vs. Gen X,15,18,6,4,N/A,4,Latin- American,W
Michaela Bradshaw,"December 1, 1990 (1990-12-01) (age 31)",25,"Fort Worth, TX",Millennials vs. Gen X,14,20,4,7,N/A,7,African- American,W
Michelle Schubert,"March 11, 1988 (1988-03-11) (age 34)",28,"Yakima, WA",Millennials vs. Gen X,13,23,10,7,0,7,Caucasian,W
Taylor Stocker,"November 20, 1991 (1991-11-20) (age 30)",24,"Post Falls, ID",Millennials vs. Gen X,12,25,7,5,1,6,Caucasian,M
Chris Hammons,"April 1, 1978 (1978-04-01) (age 44)",38,"Moore, OK",Millennials vs. Gen X,11,28,7,6,1,7,Caucasian,M
Jessica Lewis,"February 24, 1979 (1979-02-24) (age 43)",37,"Voorheesville, NY",Millennials vs. Gen X,10,30,9,4,0,4,Caucasian,W
Zeke Smith,"January 25, 1988 (1988-01-25) (age 34)",28,"Brooklyn, NY",Millennials vs. Gen X,9,33,14,7,2,9,Caucasian,M
Will Wahl,"August 12, 1997 (1997-08-12) (age 24)",18,"Long Valley, NJ",Millennials vs. Gen X,8,34,6,7,1,8,Caucasian,M
Sunday Burquest,"February 6, 1971 (age 50)",45,"Otsego, MN",Millennials vs. Gen X,7,35,5,6,3,9,Caucasian,W
Jay Starrett,"June 3, 1989 (1989-06-03) (age 32)",26,"Fort Lauderdale, FL",Millennials vs. Gen X,6,36,10,7,3,10,Latin- American,M
Bret LaBelle,"August 20, 1973 (1973-08-20) (age 48)",42,"Dedham, MA",Millennials vs. Gen X,5,37,5,6,3,9,Caucasian,M
David Wright,"February 28, 1974 (1974-02-28) (age 48)",42,"Sherman Oaks, CA",Millennials vs. Gen X,4,38,10,6,3,9,Caucasian,M
Hannah Shapiro,"February 24, 1992 (1992-02-24) (age 30)",24,"West Hollywood, CA",Millennials vs. Gen X,2,39,13,7,1,8,Caucasian,W
Ken McNickle,"September 20, 1982 (1982-09-20) (age 39)",33,"Denver, CO",Millennials vs. Gen X,2,39,3,4,5,9,Caucasian,M
Adam Klein,"January 15, 1991 (1991-01-15) (age 31)",25,"San Francisco, CA",Millennials vs. Gen X,1,39,6,5,2,7,Caucasian,M
Ciera Eastin,"March 5, 1989 (1989-03-05) (age 33)",27,"Salem, OR",Game Changers,20,3,9,0,N/A,0,Caucasian,W
Tony Vlachos,"September 10, 1973 (1973-09-10) (age 48)",42,"Jersey City, NJ",Game Changers,19,6,7,0,N/A,0,Caucasian,M
Caleb Reynolds,"November 27, 1987 (1987-11-27) (age 34)",28,"Hopkinsville, KY",Game Changers,18,9,5,0,N/A,0,Caucasian,M
Malcolm Freberg,"May 7, 1987 (1987-05-07) (age 34)",29,"Hermosa Beach, CA",Game Changers,17,11,5,2,N/A,2,Caucasian,M
J.T. Thomas,"June 23, 1984 (1984-06-23) (age 37)",31,"Mobile, AL",Game Changers,16,13,3,6,N/A,6,Caucasian,M
Sandra Diaz-Twine,"July 30, 1974 (1974-07-30) (age 47)",41,"Fayetteville, NC",Game Changers,15,16,5,3,N/A,3,Latin- American,W
Jeff Varner,"April 16, 1966 (1966-04-16) (age 56)",50,"High Point, NC",Game Changers,14,18,6,4,N/A,4,Caucasian,M
Hali Ford,"July 20, 1989 (1989-07-20) (age 32)",26,"Knoxville, TN",Game Changers,13,21,8,4,0,4,Caucasian,W
Ozzy Lusth,"August 23, 1981 (1981-08-23) (age 40)",34,"Venice, CA",Game Changers,12,24,7,8,1,9,Latin- American,M
Debbie Wanner,"November 21, 1965 (1965-11-21) (age 56)",50,"Reading, PA",Game Changers,11,26,6,6,2,8,Caucasian,W
Zeke Smith,"January 25, 1988 (1988-01-25) (age 34)",28,"Brooklyn, NY",Game Changers,10,29,11,8,2,10,Caucasian,M
Sierra Dawn Thomas,"December 18, 1986 (1986-12-18) (age 35)",29,"Roy, UT",Game Changers,9,32,15,7,1,8,Caucasian,W
Andrea Boehlke,"May 10, 1989 (1989-05-10) (age 32)",27,"New York City, NY",Game Changers,8,33,14,8,6,14,Caucasian,W
Michaela Bradshaw,"December 1, 1990 (1990-12-01) (age 31)",25,"Fort Worth, TX",Game Changers,7,35,11,5,0,5,African- American,W
Cirie Fields,"July 18, 1970 (1970-07-18) (age 51)",45,"Norwalk, CT",Game Changers,6,36,0,9,0,9,African- American,W
Aubry Bracco,"November 14, 1985 (1985-11-14) (age 36)",30,"Cambridge, MA",Game Changers,5,37,9,5,4,9,Caucasian,W
Tai Trang,"March 23, 1964 (1964-03-23) (age 58)",52,"San Francisco, CA",Game Changers,4,38,12,6,2,8,Asian- American,M
Troyzan Robertson,"July 30, 1961 (1961-07-30) (age 60)",54,"Miami, FL",Game Changers,2,39,2,6,2,8,Caucasian,M
Brad Culpepper,"May 8, 1969 (1969-05-08) (age 52)",47,"Tampa, FL",Game Changers,2,39,2,7,8,15,Caucasian,M
Sarah Lacina,"July 9, 1984 (1984-07-09) (age 37)",31,"Marion, IA",Game Changers,1,39,3,8,1,9,Caucasian,W
Katrina Radke,"December 17, 1970 (1970-12-17) (age 51)",46,"Excelsior, MN",Heroes vs. Healers vs. Hustlers,18,3,5,1,N/A,1,Caucasian,W
Simone Nguyen,"May 31, 1991 (1991-05-31) (age 30)",25,"New York City, NY",Heroes vs. Healers vs. Hustlers,17,6,5,1,N/A,1,Asian- American,W
Patrick Bolton,"March 6, 1992 (1992-03-06) (age 30)",25,"Auburn, AL",Heroes vs. Healers vs. Hustlers,16,8,5,1,N/A,1,Caucasian,M
Alan Ball,"March 29, 1985 (1985-03-29) (age 37)",32,"Houston, TX",Heroes vs. Healers vs. Hustlers,15,11,2,3,N/A,3,African- American,M
Roark Luskin,"November 30, 1989 (1989-11-30) (age 32)",27,"Santa Monica, CA",Heroes vs. Healers vs. Hustlers,14,14,3,5,N/A,5,Caucasian,W
Ali Elliott,"November 13, 1992 (1992-11-13) (age 29)",24,"Los Angeles, CA",Heroes vs. Healers vs. Hustlers,13,16,3,3,N/A,3,African- American,W
Jessica Johnston,"April 5, 1987 (1987-04-05) (age 35)",29,"Louisville, KY",Heroes vs. Healers vs. Hustlers,12,19,7,10,0,10,Caucasian,W
Desi Williams,"June 14, 1989 (1989-06-14) (age 32)",27,"Newport News, VA",Heroes vs. Healers vs. Hustlers,11,21,11,7,1,8,African- American,W
Cole Medders,"September 18, 1992 (1992-09-18) (age 29)",24,"Little Rock, AR",Heroes vs. Healers vs. Hustlers,10,24,7,10,3,13,Caucasian,M
JP Hilsabeck,"June 22, 1988 (1988-06-22) (age 33)",28,"Los Angeles, CA",Heroes vs. Healers vs. Hustlers,9,27,6,5,2,7,Caucasian,M
Joe Mena,"March 15, 1983 (1983-03-15) (age 39)",34,"Tolland, CT",Heroes vs. Healers vs. Hustlers,8,30,12,7,2,9,Latin- American,M
Lauren Rimmer,"March 6, 1982 (1982-03-06) (age 40)",35,"Beaufort, NC",Heroes vs. Healers vs. Hustlers,7,33,3,7,2,9,Caucasian,W
Ashley Nolan,"September 17, 1990 (1990-09-17) (age 31)",26,"Satellite Beach, FL",Heroes vs. Healers vs. Hustlers,6,36,8,6,3,9,Caucasian,W
Mike Zahalsky,"September 11, 1973 (1973-09-11) (age 48)",43,"Parkland, FL",Heroes vs. Healers vs. Hustlers,5,37,9,10,1,11,Caucasian,M
Devon Pinto,"March 6, 1993 (1993-03-06) (age 29)",24,"Solana Beach, CA",Heroes vs. Healers vs. Hustlers,4,38,2,4,3,7,Latin- American,M
Ryan Ulrich,"September 8, 1993 (1993-09-08) (age 28)",23,"North Arlington, NJ",Heroes vs. Healers vs. Hustlers,2,39,2,3,1,4,Caucasian,M
Chrissy Hofbeck,"March 9, 1971 (1971-03-09) (age 51)",46,"Lebanon Township, NJ",Heroes vs. Healers vs. Hustlers,2,39,7,5,8,13,Caucasian,W
Ben Driebergen,"January 1, 1983 (1983-01-01) (age 39)",34,"Boise, ID",Heroes vs. Healers vs. Hustlers,1,39,11,9,1,10,Caucasian,M
Stephanie Gonzalez,"April 22, 1991 (1991-04-22) (age 31)",26,"Ocala, FL",Ghost Island,20,3,8,1,N/A,1,Latin- American,W
Jacob Derwin,"June 1, 1995 (1995-06-01) (age 26)",22,"Brooklyn, NY",Ghost Island,19,6,5,1,N/A,1,Caucasian,M
Morgan Ricke,"August 7, 1987 (1987-08-07) (age 34)",29,"Orlando, FL",Ghost Island,18,9,4,2,N/A,2,Caucasian,W
Brendan Shapiro,"June 17, 1976 (1976-06-17) (age 45)",40,"Herndon, VA",Ghost Island,17,12,5,2,N/A,2,Caucasian,M
Stephanie Johnson,"September 10, 1982 (1982-09-10) (age 39)",34,"Chicago, IL",Ghost Island,16,14,7,2,N/A,2,Caucasian,W
James Lim,"March 17, 1993 (1993-03-17) (age 29)",24,"New York City, NY",Ghost Island,15,17,6,5,N/A,5,Asian- American,M
Bradley Kleihege,"September 14, 1990 (1990-09-14) (age 31)",26,"Los Angeles, CA",Ghost Island,14,19,8,5,N/A,5,Caucasian,M
Chris Noble,"December 4, 1989 (1989-12-04) (age 32)",27,"Brooklyn, NY",Ghost Island,13,22,10,9,0,9,Caucasian,M
Libby Vincek,"August 24, 1992 (1992-08-24) (age 29)",24,"Houston, TX",Ghost Island,12,25,8,7,1,8,Caucasian,W
Desiree Afuye,"February 3, 1996 (1996-02-03) (age 26)",21,"Brooklyn, NY",Ghost Island,11,27,10,4,0,4,African- American,W
Jenna Bowman,"November 10, 1993 (1993-11-10) (age 28)",23,"Venice Beach, CA",Ghost Island,10,29,3,5,1,6,Caucasian,W
Michael Yerger,"July 20, 1998 (1998-07-20) (age 23)",18,"Los Angeles, CA",Ghost Island,9,29,15,3,1,4,Caucasian,M
Chelsea Townsend,"May 25, 1992 (1992-05-25) (age 29)",25,"Los Angeles, CA",Ghost Island,8,32,5,5,4,9,Caucasian,W
Kellyn Bechtold,"November 1, 1986 (1986-11-01) (age 35)",30,"Denver, CO",Ghost Island,7,35,8,4,2,6,Caucasian,W
Sebastian Noel,"July 20, 1994 (1994-07-20) (age 27)",22,"Satellite Beach, FL",Ghost Island,6,36,5,6,2,8,Caucasian,M
Donathan Hurley,"July 19, 1991 (1991-07-19) (age 30)",25,"Kimper, KY",Ghost Island,5,37,11,7,1,8,Caucasian,M
Angela Perkins,"November 2, 1974 (1974-11-02) (age 47)",42,"Cincinnati, OH",Ghost Island,4,38,3,7,2,9,Caucasian,W
Laurel Johnson,"February 29, 1988 (1988-02-29) (age 34)",29,"Minneapolis, MN",Ghost Island,2,39,3,8,2,10,African- American,W
Domenick Abbate,"October 31, 1978 (1978-10-31) (age 43)",38,"Nesconset, NY",Ghost Island,2,39,2,8,4,12,Caucasian,M
Wendell Holland,"March 8, 1984 (1984-03-08) (age 38)",33,"Philadelphia, PA",Ghost Island,1,39,5,9,4,13,African- American,M
Pat Cusack,"February 25, 1977 (1977-02-25) (age 45)",41,"Watervliet, NY",David vs. Goliath,20,3,N/A,1,N/A,1,Caucasian,M
Jessica Peet,"October 22, 1998 (1998-10-22) (age 23)",19,"Lakeland, FL",David vs. Goliath,19,6,5,1,N/A,1,Caucasian,W
Jeremy Crawford,"April 26, 1978 (1978-04-26) (age 44)",39,"New York City, NY",David vs. Goliath,18,9,9,2,N/A,2,African- American,M
Bi Nguyen,"October 30, 1989 (1989-10-30) (age 32)",28,"Houston, TX",David vs. Goliath,17,10,0,2,N/A,2,Asian- American,M
Natalia Azoqa,"April 2, 1992 (1992-04-02) (age 30)",25,"Irvine, CA",David vs. Goliath,16,11,3,2,N/A,2,Asian- American,W
Natalie Cole,"February 26, 1961 (1961-02-26) (age 61)",57,"Los Angeles, CA",David vs. Goliath,15,15,4,4,N/A,4,African- American,W
Lyrsa Torres,"September 12, 1981 (1981-09-12) (age 40)",36,"Boston, MA",David vs. Goliath,14,17,9,5,N/A,5,Latin- American,W
Elizabeth Olson,"January 22, 1987 (1987-01-22) (age 35)",31,"Longview, TX",David vs. Goliath,13,20,13,5,0,5,Caucasian,W
John Hennigan,"October 3, 1979 (1979-10-03) (age 42)",38,"Los Angeles, CA",David vs. Goliath,12,22,3,6,1,7,Caucasian,M
Dan Rengering,"April 7, 1990 (1990-04-07) (age 32)",27,"Gainesville, FL",David vs. Goliath,11,25,6,6,2,8,Caucasian,M
Alec Merlino,"October 15, 1993 (1993-10-15) (age 28)",24,"San Clemente, CA",David vs. Goliath,10,28,9,5,4,9,Caucasian,M
Carl Boudreaux,"October 29, 1976 (1976-10-29) (age 45)",41,"Houston, TX",David vs. Goliath,9,30,6,5,1,6,African- American,M
Gabby Pascuzzi,"March 23, 1993 (1993-03-23) (age 29)",25,"Denver, CO",David vs. Goliath,8,32,2,6,2,8,Asian- American,W
Christian Hubicki,"December 6, 1985 (1985-12-06) (age 36)",32,"Tallahassee, FL",David vs. Goliath,7,35,18,6,3,9,Caucasian,M
Davie Rickenbacker,"September 14, 1987 (1987-09-14) (age 34)",30,"Atlanta, GA",David vs. Goliath,6,36,7,5,4,9,African- American,M
Alison Raybould,"July 12, 1989 (1989-07-12) (age 32)",28,"Chapel Hill, NC",David vs. Goliath,5,37,13,6,3,9,Caucasian,W
Kara Kay,"November 20, 1987 (1987-11-20) (age 34)",30,"San Diego, CA",David vs. Goliath,4,38,0,5,3,8,Caucasian,W
Angelina Keeley,"July 6, 1989 (1989-07-06) (age 32)",28,"San Clemente, CA",David vs. Goliath,2,39,6,5,1,6,Latin- American,W
Mike White,"June 28, 1970 (1970-06-28) (age 51)",47,"Los Angeles, CA",David vs. Goliath,2,39,1,5,4,9,Caucasian,M
Nick Wilson,"June 11, 1990 (1990-06-11) (age 31)",27,"Williamsburg, KY",David vs. Goliath,1,39,0,5,5,10,Caucasian,M
Reem Daly,"July 8, 1971 (1971-07-08) (age 50)",46,"Ashburn, VA",Edge of Extinction,18,35,4,0,0,0,Caucasian,W
Keith Sowell,"July 16, 1998 (1998-07-16) (age 23)",19,"Durham, NC",Edge of Extinction,17,17,6,0,0,0,African- American,M
Aubry Bracco,"November 14, 1985 (1985-11-14) (age 36)",32,"Los Angeles, CA",Edge of Extinction,16,35,4,4,0,4,Caucasian,W
Wendy Diaz,"September 26, 1992 (1992-09-26) (age 29)",25,"Bell, CA",Edge of Extinction,15,17,15,4,0,4,Latin- American,W
Joe Anglim,"September 30, 1988 (1988-09-30) (age 33)",29,"Ogden, UT",Edge of Extinction,14,35,6,8,0,8,Caucasian,M
Eric Hafemann,"April 13, 1983 (1983-04-13) (age 39)",35,"Livermore, CA",Edge of Extinction,13,35,8,6,1,7,Caucasian,M
Julia Carter,"April 18, 1993 (1993-04-18) (age 29)",25,"Bethesda, MD",Edge of Extinction,12,35,9,8,1,9,African- American,W
David Wright,"February 28, 1974 (1974-02-28) (age 48)",44,"Sherman Oaks, CA",Edge of Extinction,11,35,12,2,0,2,Caucasian,M
Kelley Wentworth,"June 7, 1986 (1986-06-07) (age 35)",31,"Seattle, WA",Edge of Extinction,10,35,14,2,1,3,Caucasian,W
Wardog DaSilva,"March 31, 1980 (1980-03-31) (age 42)",38,"Los Angeles, CA",Edge of Extinction,9,35,8,2,2,4,Caucasian,M
Ron Clark,"October 24, 1971 (1971-10-24) (age 50)",46,"Atlanta, GA",Edge of Extinction,8,35,3,8,1,9,Caucasian,M
Aurora McCreary,"December 21, 1985 (1985-12-21) (age 36)",32,"Orlando, FL",Edge of Extinction,7,35,12,8,3,11,Caucasian,W
Victoria Baamonde,"July 18, 1994 (1994-07-18) (age 27)",23,"Bronx, NY",Edge of Extinction,6,36,2,6,1,7,Latin- American,W
Lauren O'Connell,"October 25, 1996 (1996-10-25) (age 25)",21,"Waco, TX",Edge of Extinction,5,37,11,2,2,4,Caucasian,W
Rick Devens,"April 5, 1984 (1984-04-05) (age 38)",34,"Macon, GA",Edge of Extinction,4,38,12,1,7,8,Caucasian,M
Julie Rosenberg,"October 9, 1971 (1971-10-09) (age 50)",46,"New York City, NY",Edge of Extinction,2,39,1,8,3,11,Caucasian,W
Gavin Whitson,"July 20, 1994 (1994-07-20) (age 27)",23,"Erwin, TN",Edge of Extinction,2,39,0,6,4,10,Caucasian,M
Chris Underwood,"October 6, 1992 (1992-10-06) (age 29)",25,"Greenville, SC",Edge of Extinction,1,39,9,1,2,3,Latin- American,M
Ronnie Bardah,"August 29, 1982 (1982-08-29) (age 39)",36,"Henderson, NV",Island of the Idols,20,3,7,0,N/A,0,African-Asian- American,M
Molly Byman,"October 5, 1990 (1990-10-05) (age 31)",28,"Durham, NC",Island of the Idols,19,6,7,1,N/A,1,Caucasian,W
Vince Moua,"April 9, 1991 (1991-04-09) (age 31)",27,"Palo Alto, CA",Island of the Idols,18,8,7,1,N/A,1,Asian- American,M
Chelsea Walker,"March 10, 1992 (1992-03-10) (age 30)",27,"Los Angeles, CA",Island of the Idols,17,11,6,1,N/A,1,Caucasian,W
Tom Laidlaw,"April 15, 1958 (1958-04-15) (age 64)",60,"Greenwich, CT",Island of the Idols,16,14,6,1,N/A,1,Caucasian,M
Jason Linden,"August 4, 1986 (1986-08-04) (age 35)",32,"New York City, NY",Island of the Idols,15,16,6,6,N/A,6,Caucasian,M
Jack Nichting,"June 5, 1995 (1995-06-05) (age 26)",23,"Harrisonburg, VA",Island of the Idols,14,19,2,4,N/A,4,Caucasian,M
Kellee Kim,"October 17, 1989 (1989-10-17) (age 32)",29,"Philadelphia, PA",Island of the Idols,13,22,8,4,0,4,Asian- American,W
Jamal Shipman,"May 9, 1985 (1985-05-09) (age 36)",33,"Providence, RI",Island of the Idols,12,24,6,4,0,4,African-Latin- American,M
Aaron Meredith,"December 16, 1982 (1982-12-16) (age 39)",36,"Warwick, RI",Island of the Idols,11,27,5,6,2,8,African- American,M
Missy Byrd,"July 1, 1994 (1994-07-01) (age 27)",24,"Tacoma, WA",Island of the Idols,10,27,3,6,2,8,African- American,W
Elizabeth Beisel,"August 18, 1992 (1992-08-18) (age 29)",26,"Saunderstown, RI",Island of the Idols,9,30,8,6,2,8,Caucasian,W
Karishma Patel,"December 7, 1981 (1981-12-07) (age 40)",37,"Houston, TX",Island of the Idols,8,32,22,2,1,3,Asian- American,W
Elaine Stott,"January 13, 1978 (1978-01-13) (age 44)",41,"Rockholds, KY",Island of the Idols,7,35,8,6,2,8,Caucasian,W
Dan Spilo,"June 28, 1970 (1970-06-28) (age 51)",48,"Los Angeles, CA",Island of the Idols,6,36,5,8,1,9,Caucasian,M
Janet Carbin,"June 15, 1959 (1959-06-15) (age 62)",59,"Palm Bay, FL",Island of the Idols,5,37,8,4,1,5,Caucasian,W
Lauren Beck,"November 16, 1989 (1989-11-16) (age 32)",29,"Glendale, CA",Island of the Idols,4,38,1,8,1,9,African- American,W
Noura Salman,"August 23, 1982 (1982-08-23) (age 39)",36,"North Potomac, MD",Island of the Idols,2,39,6,4,4,8,Asian- American,W
Dean Kowalski,"April 12, 1990 (1990-04-12) (age 32)",28,"New York City, NY",Island of the Idols,2,39,5,2,3,5,Caucasian,M
Tommy Sheehan,"October 26, 1992 (1992-10-26) (age 29)",26,"Long Beach, NY",Island of the Idols,1,39,2,8,4,12,Caucasian,M
Amber Mariano,"August 11, 1978 (1978-08-11) (age 43)",40,"Pensacola, FL",Winners at War,20,35,6,1,0,1,Caucasian,W
Danni Boatwright,"July 13, 1975 (1975-07-13) (age 46)",43,"Shawnee, KS",Winners at War,19,35,8,1,0,1,Caucasian,M
Ethan Zohn,"November 12, 1973 (1973-11-12) (age 48)",45,"Hillsborough, NH",Winners at War,18,35,4,1,0,1,Caucasian,M
Rob Mariano,"December 25, 1975 (1975-12-25) (age 46)",43,"Pensacola, FL",Winners at War,17,35,4,2,0,2,Caucasian,M
Sandra Diaz-Twine,"July 30, 1974 (1974-07-30) (age 47)",44,"Riverview, FL",Winners at War,16,16,1,4,N/A,4,Latin- American,W
Parvati Shallow,"September 21, 1982 (1982-09-21) (age 39)",36,"Los Angeles, CA",Winners at War,15,35,5,3,0,3,Caucasian,W
Yul Kwon,"February 14, 1975 (1975-02-14) (age 47)",44,"Los Altos, CA",Winners at War,14,35,3,5,0,5,Asian- American,M
Wendell Holland,"March 8, 1984 (1984-03-08) (age 38)",35,"Philadelphia, PA",Winners at War,13,35,12,5,0,5,African- American,M
Adam Klein,"January 15, 1991 (1991-01-15) (age 31)",28,"Los Angeles, CA",Winners at War,12,35,15,5,0,5,Caucasian,M
Tyson Apostol,"June 17, 1979 (1979-06-17) (age 42)",39,"Mesa, AZ",Winners at War,11,35,12,3,1,4,Caucasian,M
Sophie Clarke,"July 10, 1989 (1989-07-10) (age 32)",29,"Santa Monica, CA",Winners at War,10,35,6,6,2,8,Caucasian,W
Kim Spradlin-Wolfe,"January 30, 1983 (1983-01-30) (age 39)",36,"San Antonio, TX",Winners at War,9,35,9,5,3,8,Caucasian,W
Jeremy Collins,"April 16, 1978 (1978-04-16) (age 44)",41,"Foxborough, MA",Winners at War,8,35,9,4,1,5,African- American,M
Nick Wilson,"June 11, 1990 (1990-06-11) (age 31)",28,"Williamsburg, KY",Winners at War,7,35,8,5,2,7,Caucasian,M
Denise Stapley,"January 1, 1971 (1971-01-01) (age 51)",48,"Marion, IA",Winners at War,6,36,14,4,2,6,Caucasian,W
Ben Driebergen,"January 1, 1983 (1983-01-01) (age 39)",36,"Boise, ID",Winners at War,5,37,7,5,2,7,Caucasian,M
Sarah Lacina,"July 9, 1984 (1984-07-09) (age 37)",34,"Cedar Rapids, IA",Winners at War,4,38,2,6,1,7,Caucasian,W
Michele Fitzgerald,"May 5, 1990 (1990-05-05) (age 31)",29,"Hoboken, NJ",Winners at War,2,39,6,4,3,7,Caucasian,W
Natalie Anderson,"April 11, 1986 (1986-04-11) (age 36)",33,"Edgewater, NJ",Winners at War,2,39,11,0,2,2,Asian- American,W
Tony Vlachos,"September 10, 1973 (1973-09-10) (age 48)",45,"Allendale, NJ",Winners at War,1,39,0,5,4,9,Caucasian,M
Eric Abraham,"June 10, 1970 (1970-06-10) (age 51)",50,"San Antonio, TX",Survivor 41,18,3,5,0,N/A,0,African- American,M
Sara Wilson,"June 28, 1997 (1997-06-28) (age 24)",23,"Boston, MA",Survivor 41,17,3,4,1,N/A,1,Caucasian,W
David Voce,"May 1, 1986 (1986-05-01) (age 35)",34,"Chicago, IL",Survivor 41,16,5,3,0,N/A,0,Caucasian,M
Brad Reese,"July 21, 1971 (1971-07-21) (age 50)",49,"Shawnee, WY",Survivor 41,15,7,4,2,N/A,2,Caucasian,M
JD Robinson,"March 18, 2001 (2001-03-18) (age 21)",20,"Oklahoma City, OK",Survivor 41,14,9,4,3,N/A,3,African- American,M
Genie Chen,"March 4, 1975 (1975-03-04) (age 47)",46,"Portland, OR",Survivor 41,13,11,3,3,N/A,3,Asian- American,W
Sydney Segal,"July 19, 1995 (1995-07-19) (age 26)",25,"Brooklyn, NY",Survivor 41,12,14,5,5,1,6,Caucasian,W
Tiffany Seely,"December 8, 1973 (1973-12-08) (age 48)",47,"Plainview, NY",Survivor 41,11,16,8,4,0,4,Caucasian,W
Naseer Muttalif,"June 21, 1984 (1984-06-21) (age 37)",36,"Morgan Hill, CA",Survivor 41,10,17,8,5,0,5,Asian- American,M
Evvie Jagoda,"October 26, 1992 (1992-10-26) (age 29)",28,"Arlington, MA",Survivor 41,9,17,7,4,3,7,Caucasian,W
Shan Smith,"March 11, 1987 (1987-03-11) (age 35)",34,"Washington, DC",Survivor 41,8,19,9,3,0,3,African- American,W
Liana Wallace,"October 25, 2000 (2000-10-25) (age 21)",20,"Washington, DC",Survivor 41,7,21,10,4,0,4,African- American,W
Danny McCray,"March 10, 1988 (1988-03-10) (age 34)",33,"Frisco, TX",Survivor 41,6,23,7,5,3,8,African- American,M
Ricard Foy,"December 4, 1989 (1989-12-04) (age 32)",31,"Sedro-Woolley, WA",Survivor 41,5,24,9,3,6,9,Latin- American,M
Heather Aldret,"March 1, 1969 (1969-03-01) (age 53)",52,"Charleston, SC",Survivor 41,4,25,5,5,0,5,Caucasian,W
Xander Hastings,"August 11, 2000 (2000-08-11) (age 21)",20,"Chicago, IL",Survivor 41,2,26,2,4,3,7,Caucasian,M
Deshawn Radden,"September 17, 1995 (1995-09-17) (age 26)",25,"Miami, FL",Survivor 41,2,26,7,5,3,8,African- American,M
Erika Casupanan,"July 20, 1989 (1989-07-20) (age 32)",31,"Toronto, ON",Survivor 41,1,26,2,5,4,9,Asian- American,W
